x,kde_mean,kde_mean_norm,kde_std,kde_std_norm,ci_lower,ci_upper,ci_lower_norm,ci_upper_norm
0.0,0.0,0.0,0.0,0.0,0.0,0.0,0.0,0.0
0.10050251256281408,0.0,0.0,0.0,0.0,0.0,0.0,0.0,0.0
0.20100502512562815,0.0,0.0,0.0,0.0,0.0,0.0,0.0,0.0
0.30150753768844224,0.0,0.0,0.0,0.0,0.0,0.0,0.0,0.0
0.4020100502512563,0.0,0.0,0.0,0.0,0.0,0.0,0.0,0.0
0.5025125628140704,0.0,0.0,0.0,0.0,0.0,0.0,0.0,0.0
0.6030150753768845,0.0,0.0,0.0,0.0,0.0,0.0,0.0,0.0
0.7035175879396985,0.0,0.0,0.0,0.0,0.0,0.0,0.0,0.0
0.8040201005025126,0.0,0.0,0.0,0.0,0.0,0.0,0.0,0.0
0.9045226130653267,0.0,0.0,0.0,0.0,0.0,0.0,0.0,0.0
1.0050251256281408,0.0,0.0,0.0,0.0,0.0,0.0,0.0,0.0
1.105527638190955,0.0,0.0,0.0,0.0,0.0,0.0,0.0,0.0
1.206030150753769,0.0,0.0,0.0,0.0,0.0,0.0,0.0,0.0
1.306532663316583,0.0,0.0,0.0,0.0,0.0,0.0,0.0,0.0
1.407035175879397,0.0,0.0,0.0,0.0,0.0,0.0,0.0,0.0
1.5075376884422111,0.0,0.0,0.0,0.0,0.0,0.0,0.0,0.0
1.6080402010050252,0.0,0.0,0.0,0.0,0.0,0.0,0.0,0.0
1.7085427135678393,0.0,0.0,0.0,0.0,0.0,0.0,0.0,0.0
1.8090452261306533,0.0,0.0,0.0,0.0,0.0,0.0,0.0,0.0
1.9095477386934674,0.0,0.0,0.0,0.0,0.0,0.0,0.0,0.0
2.0100502512562817,0.0,0.0,0.0,0.0,0.0,0.0,0.0,0.0
2.1105527638190957,0.0,0.0,0.0,0.0,0.0,0.0,0.0,0.0
2.21105527638191,0.0,0.0,0.0,0.0,0.0,0.0,0.0,0.0
2.311557788944724,0.0,0.0,0.0,0.0,0.0,0.0,0.0,0.0
2.412060301507538,0.0,0.0,0.0,0.0,0.0,0.0,0.0,0.0
2.512562814070352,0.0,0.0,0.0,0.0,0.0,0.0,0.0,0.0
2.613065326633166,0.0,0.0,0.0,0.0,0.0,0.0,0.0,0.0
2.71356783919598,0.0,0.0,0.0,0.0,0.0,0.0,0.0,0.0
2.814070351758794,0.0,0.0,0.0,0.0,0.0,0.0,0.0,0.0
2.9145728643216082,0.0,0.0,0.0,0.0,0.0,0.0,0.0,0.0
3.0150753768844223,0.0,0.0,0.0,0.0,0.0,0.0,0.0,0.0
3.1155778894472363,0.0,0.0,0.0,0.0,0.0,0.0,0.0,0.0
3.2160804020100504,0.0,0.0,0.0,0.0,0.0,0.0,0.0,0.0
3.3165829145728645,0.0,0.0,0.0,0.0,0.0,0.0,0.0,0.0
3.4170854271356785,0.0,0.0,0.0,0.0,0.0,0.0,0.0,0.0
3.5175879396984926,0.0,0.0,0.0,0.0,0.0,0.0,0.0,0.0
3.6180904522613067,0.0,0.0,0.0,0.0,0.0,0.0,0.0,0.0
3.7185929648241207,0.0,0.0,0.0,0.0,0.0,0.0,0.0,0.0
3.819095477386935,0.0,0.0,0.0,0.0,0.0,0.0,0.0,0.0
3.919597989949749,0.0,0.0,0.0,0.0,0.0,0.0,0.0,0.0
4.020100502512563,0.0,0.0,0.0,0.0,0.0,0.0,0.0,0.0
4.120603015075377,0.0,0.0,0.0,0.0,0.0,0.0,0.0,0.0
4.2211055276381915,0.0,0.0,0.0,0.0,0.0,0.0,0.0,0.0
4.3216080402010055,0.0,0.0,0.0,0.0,0.0,0.0,0.0,0.0
4.42211055276382,0.0,0.0,0.0,0.0,0.0,0.0,0.0,0.0
4.522613065326634,0.0,0.0,0.0,0.0,0.0,0.0,0.0,0.0
4.623115577889448,0.0,0.0,0.0,0.0,0.0,0.0,0.0,0.0
4.723618090452262,0.0,0.0,0.0,0.0,0.0,0.0,0.0,0.0
4.824120603015076,0.0,0.0,0.0,0.0,0.0,0.0,0.0,0.0
4.92462311557789,0.0,0.0,0.0,0.0,0.0,0.0,0.0,0.0
5.025125628140704,0.0,0.0,0.0,0.0,0.0,0.0,0.0,0.0
5.125628140703518,0.0,0.0,0.0,0.0,0.0,0.0,0.0,0.0
5.226130653266332,0.0,0.0,0.0,0.0,0.0,0.0,0.0,0.0
5.326633165829146,0.0,0.0,0.0,0.0,0.0,0.0,0.0,0.0
5.42713567839196,0.0,0.0,0.0,0.0,0.0,0.0,0.0,0.0
5.527638190954774,0.0,0.0,0.0,0.0,0.0,0.0,0.0,0.0
5.628140703517588,0.0,0.0,0.0,0.0,0.0,0.0,0.0,0.0
5.728643216080402,0.0,0.0,0.0,0.0,0.0,0.0,0.0,0.0
5.8291457286432165,0.0,0.0,0.0,0.0,0.0,0.0,0.0,0.0
5.9296482412060305,0.0,0.0,0.0,0.0,0.0,0.0,0.0,0.0
6.030150753768845,0.0,0.0,0.0,0.0,0.0,0.0,0.0,0.0
6.130653266331659,0.0,0.0,0.0,0.0,0.0,0.0,0.0,0.0
6.231155778894473,5.739208976333604e-301,1.4875555417327132e-301,0.0,0.0,0.0,0.0,0.0,0.0
6.331658291457287,3.182098623656541e-248,8.247736685455691e-249,0.0,0.0,0.0,2.6262098530784224e-289,0.0,6.806918926997405e-290
6.432160804020101,1.2138925129451795e-200,3.1463090857043724e-201,0.0,0.0,0.0,2.8711936537280873e-233,0.0,7.441896694480546e-234
6.532663316582915,3.205841649659545e-158,8.309276646892738e-159,1.9868731275785635e-156,5.1498109649553564e-157,0.0,4.557882317050476e-183,0.0,1.1813654333293382e-183
6.633165829145729,5.943578274046199e-121,1.5405263749304624e-121,3.5509576260984846e-119,9.203788739777364e-120,5.214034798410302e-258,4.798614657149679e-139,1.3514347344984378e-258,1.2437612666341606e-139
6.733668341708543,7.941482842402827e-89,2.058366729719323e-89,4.3671128373355275e-87,1.1319195605769005e-87,5.36465962427418e-190,4.051440455433355e-101,1.390475444700887e-190,1.0500998876904595e-101
6.834170854271357,7.972207255857033e-62,2.066330243800925e-62,3.734041099632254e-60,9.678325974399578e-61,1.9838969735307675e-132,3.0765593465901523e-69,5.142097019592668e-133,7.974187600350125e-70
6.934673366834171,6.3514070709707464e-40,1.6462322290725528e-40,2.2850195440589327e-38,5.922581839673446e-39,1.9620813688268446e-85,1.7726306037447146e-43,5.0855527748938066e-86,4.594512046728058e-44
7.035175879396985,4.468877738274295e-23,1.1582961819840638e-23,1.069295467982451e-21,2.7715254936807004e-22,2.53184333448955e-49,7.186823803405733e-24,6.562328708624531e-50,1.862765342802068e-24
7.135678391959799,4.669179117625281e-11,1.2102126443570043e-11,4.3187227558000093e-10,1.1193772513057294e-10,1.8922247492941305e-23,2.971707650337287e-10,4.904490189542563e-24,7.702420667896194e-11
7.236180904522613,0.0021201057870703774,0.0005495139008914206,0.002913389998744571,0.0007551266133943327,1.9651881513473118e-07,0.010095386961923474,5.0936052984634075e-08,0.0026166408790953425
7.336683417085427,0.8254410705372864,0.2139475045977399,0.30020070444057506,0.07780954193585095,0.2848761953152357,1.4735648743949905,0.07383755580191949,0.38193583890183863
7.437185929648241,3.1532520309568426,0.8172968700864972,0.5505087718342265,0.14268732462807474,2.1310080959841344,4.275155786751415,0.552339689272575,1.1080850529362363
7.5376884422110555,3.8581476894963807,1.0,0.6007748088476282,0.15571586605748877,2.7594738565336474,5.099008831042359,0.7152328211919364,1.3216209542532968
7.63819095477387,1.9961283370074656,0.5173799703007295,0.4534663313662198,0.11753472595172025,1.170303910337315,2.9449220659062947,0.30333310296114646,0.7632994646430207
7.738693467336684,0.5837924507588665,0.15131417917157838,0.25241212098959515,0.0654231359978196,0.1387083071425936,1.1314994890880636,0.03595204701992623,0.29327531762677617
7.839195979899498,0.14990195570033427,0.03885334822936796,0.14729629556462898,0.038177982653602394,9.684460026944047e-09,0.46343231576835925,2.5101320131703405e-09,0.12011782675661463
7.939698492462312,1.3554286466664967e-05,3.513159048723265e-06,3.524293166577162e-05,9.134676664068301e-06,3.5039401920815287e-26,0.00010825513420385318,9.081923436007479e-27,2.8058836238584778e-05
8.040201005025127,6.507302493854572e-15,1.6866390344699313e-15,7.409315552913242e-14,1.9204333657534013e-14,9.219329746196298e-54,2.7054165771903362e-14,2.3895740879218996e-54,7.012216210788667e-15
8.14070351758794,7.393637915996553e-29,1.9163698518139607e-29,1.731234269079292e-27,4.487216167987797e-28,8.419115493316404e-92,5.526814022904948e-30,2.1821651660036335e-92,1.4325045248919397e-30
8.241206030150755,9.717805297321117e-48,2.5187748317093638e-48,2.940728951622764e-46,7.622126440697839e-47,7.629094696984189e-140,1.3429450356722462e-51,1.9773983037907097e-140,3.480802560587167e-52
8.341708542713569,1.0537855081967197e-71,2.7313249595540354e-72,3.6617973654091414e-70,9.4910761850258e-71,3.73029623885195e-199,3.842670277399617e-79,9.668619604706942e-200,9.959883826793619e-80
8.442211055276383,9.101196962741617e-101,2.3589550466196985e-101,3.869855947882438e-99,1.0030346838245547e-99,2.657461800098125e-268,8.399072948739089e-113,6.887921391223398e-269,2.1769703040671968e-113
8.542713567839197,6.403218284809901e-135,1.6596612675669082e-135,3.3560589575038176e-133,8.698627495884942e-134,0.0,1.6212394492561432e-152,0.0,4.2021186842325624e-153
8.643216080402011,3.56896319012253e-174,9.25045767386992e-175,0.0,0.0,0.0,3.432019359242086e-198,0.0,8.895510580337791e-199
8.743718592964825,1.4804896823006068e-218,3.837306918890554e-219,0.0,0.0,0.0,6.985628066421371e-250,0.0,1.810617070320922e-250
8.84422110552764,4.3564641007024025e-268,1.1291594960355365e-268,0.0,0.0,0.0,1.2974078654799898e-307,0.0,3.3627739783319326e-308
8.944723618090453,9e-323,2.5e-323,0.0,0.0,0.0,0.0,0.0,0.0
9.045226130653267,0.0,0.0,0.0,0.0,0.0,0.0,0.0,0.0
9.145728643216081,0.0,0.0,0.0,0.0,0.0,0.0,0.0,0.0
9.246231155778895,0.0,0.0,0.0,0.0,0.0,0.0,0.0,0.0
9.34673366834171,0.0,0.0,0.0,0.0,0.0,0.0,0.0,0.0
9.447236180904524,0.0,0.0,0.0,0.0,0.0,0.0,0.0,0.0
9.547738693467338,0.0,0.0,0.0,0.0,0.0,0.0,0.0,0.0
9.648241206030152,0.0,0.0,0.0,0.0,0.0,0.0,0.0,0.0
9.748743718592966,0.0,0.0,0.0,0.0,0.0,0.0,0.0,0.0
9.84924623115578,0.0,0.0,0.0,0.0,0.0,0.0,0.0,0.0
9.949748743718594,0.0,0.0,0.0,0.0,0.0,0.0,0.0,0.0
10.050251256281408,0.0,0.0,0.0,0.0,0.0,0.0,0.0,0.0
10.150753768844222,0.0,0.0,0.0,0.0,0.0,0.0,0.0,0.0
10.251256281407036,0.0,0.0,0.0,0.0,0.0,0.0,0.0,0.0
10.35175879396985,0.0,0.0,0.0,0.0,0.0,0.0,0.0,0.0
10.452261306532664,0.0,0.0,0.0,0.0,0.0,0.0,0.0,0.0
10.552763819095478,0.0,0.0,0.0,0.0,0.0,0.0,0.0,0.0
10.653266331658292,0.0,0.0,0.0,0.0,0.0,0.0,0.0,0.0
10.753768844221106,0.0,0.0,0.0,0.0,0.0,0.0,0.0,0.0
10.85427135678392,0.0,0.0,0.0,0.0,0.0,0.0,0.0,0.0
10.954773869346734,0.0,0.0,0.0,0.0,0.0,0.0,0.0,0.0
11.055276381909549,0.0,0.0,0.0,0.0,0.0,0.0,0.0,0.0
11.155778894472363,0.0,0.0,0.0,0.0,0.0,0.0,0.0,0.0
11.256281407035177,0.0,0.0,0.0,0.0,0.0,0.0,0.0,0.0
11.35678391959799,0.0,0.0,0.0,0.0,0.0,0.0,0.0,0.0
11.457286432160805,0.0,0.0,0.0,0.0,0.0,0.0,0.0,0.0
11.557788944723619,0.0,0.0,0.0,0.0,0.0,0.0,0.0,0.0
11.658291457286433,0.0,0.0,0.0,0.0,0.0,0.0,0.0,0.0
11.758793969849247,0.0,0.0,0.0,0.0,0.0,0.0,0.0,0.0
11.859296482412061,0.0,0.0,0.0,0.0,0.0,0.0,0.0,0.0
11.959798994974875,0.0,0.0,0.0,0.0,0.0,0.0,0.0,0.0
12.06030150753769,0.0,0.0,0.0,0.0,0.0,0.0,0.0,0.0
12.160804020100503,0.0,0.0,0.0,0.0,0.0,0.0,0.0,0.0
12.261306532663317,0.0,0.0,0.0,0.0,0.0,0.0,0.0,0.0
12.361809045226131,0.0,0.0,0.0,0.0,0.0,0.0,0.0,0.0
12.462311557788945,0.0,0.0,0.0,0.0,0.0,0.0,0.0,0.0
12.56281407035176,0.0,0.0,0.0,0.0,0.0,0.0,0.0,0.0
12.663316582914574,0.0,0.0,0.0,0.0,0.0,0.0,0.0,0.0
12.763819095477388,0.0,0.0,0.0,0.0,0.0,0.0,0.0,0.0
12.864321608040202,0.0,0.0,0.0,0.0,0.0,0.0,0.0,0.0
12.964824120603016,0.0,0.0,0.0,0.0,0.0,0.0,0.0,0.0
13.06532663316583,0.0,0.0,0.0,0.0,0.0,0.0,0.0,0.0
13.165829145728644,0.0,0.0,0.0,0.0,0.0,0.0,0.0,0.0
13.266331658291458,0.0,0.0,0.0,0.0,0.0,0.0,0.0,0.0
13.366834170854272,0.0,0.0,0.0,0.0,0.0,0.0,0.0,0.0
13.467336683417086,0.0,0.0,0.0,0.0,0.0,0.0,0.0,0.0
13.5678391959799,0.0,0.0,0.0,0.0,0.0,0.0,0.0,0.0
13.668341708542714,0.0,0.0,0.0,0.0,0.0,0.0,0.0,0.0
13.768844221105528,0.0,0.0,0.0,0.0,0.0,0.0,0.0,0.0
13.869346733668342,0.0,0.0,0.0,0.0,0.0,0.0,0.0,0.0
13.969849246231156,0.0,0.0,0.0,0.0,0.0,0.0,0.0,0.0
14.07035175879397,0.0,0.0,0.0,0.0,0.0,0.0,0.0,0.0
14.170854271356784,0.0,0.0,0.0,0.0,0.0,0.0,0.0,0.0
14.271356783919598,0.0,0.0,0.0,0.0,0.0,0.0,0.0,0.0
14.371859296482413,0.0,0.0,0.0,0.0,0.0,0.0,0.0,0.0
14.472361809045227,0.0,0.0,0.0,0.0,0.0,0.0,0.0,0.0
14.57286432160804,0.0,0.0,0.0,0.0,0.0,0.0,0.0,0.0
14.673366834170855,0.0,0.0,0.0,0.0,0.0,0.0,0.0,0.0
14.773869346733669,0.0,0.0,0.0,0.0,0.0,0.0,0.0,0.0
14.874371859296483,0.0,0.0,0.0,0.0,0.0,0.0,0.0,0.0
14.974874371859297,0.0,0.0,0.0,0.0,0.0,0.0,0.0,0.0
15.075376884422111,0.0,0.0,0.0,0.0,0.0,0.0,0.0,0.0
15.175879396984925,0.0,0.0,0.0,0.0,0.0,0.0,0.0,0.0
15.27638190954774,0.0,0.0,0.0,0.0,0.0,0.0,0.0,0.0
15.376884422110553,0.0,0.0,0.0,0.0,0.0,0.0,0.0,0.0
15.477386934673367,0.0,0.0,0.0,0.0,0.0,0.0,0.0,0.0
15.577889447236181,0.0,0.0,0.0,0.0,0.0,0.0,0.0,0.0
15.678391959798995,0.0,0.0,0.0,0.0,0.0,0.0,0.0,0.0
15.77889447236181,0.0,0.0,0.0,0.0,0.0,0.0,0.0,0.0
15.879396984924623,0.0,0.0,0.0,0.0,0.0,0.0,0.0,0.0
15.979899497487438,0.0,0.0,0.0,0.0,0.0,0.0,0.0,0.0
16.080402010050253,0.0,0.0,0.0,0.0,0.0,0.0,0.0,0.0
16.180904522613066,0.0,0.0,0.0,0.0,0.0,0.0,0.0,0.0
16.28140703517588,0.0,0.0,0.0,0.0,0.0,0.0,0.0,0.0
16.381909547738694,0.0,0.0,0.0,0.0,0.0,0.0,0.0,0.0
16.48241206030151,0.0,0.0,0.0,0.0,0.0,0.0,0.0,0.0
16.582914572864322,0.0,0.0,0.0,0.0,0.0,0.0,0.0,0.0
16.683417085427138,0.0,0.0,0.0,0.0,0.0,0.0,0.0,0.0
16.78391959798995,0.0,0.0,0.0,0.0,0.0,0.0,0.0,0.0
16.884422110552766,0.0,0.0,0.0,0.0,0.0,0.0,0.0,0.0
16.984924623115578,0.0,0.0,0.0,0.0,0.0,0.0,0.0,0.0
17.085427135678394,0.0,0.0,0.0,0.0,0.0,0.0,0.0,0.0
17.185929648241206,0.0,0.0,0.0,0.0,0.0,0.0,0.0,0.0
17.286432160804022,0.0,0.0,0.0,0.0,0.0,0.0,0.0,0.0
17.386934673366834,0.0,0.0,0.0,0.0,0.0,0.0,0.0,0.0
17.48743718592965,0.0,0.0,0.0,0.0,0.0,0.0,0.0,0.0
17.587939698492463,0.0,0.0,0.0,0.0,0.0,0.0,0.0,0.0
17.68844221105528,0.0,0.0,0.0,0.0,0.0,0.0,0.0,0.0
17.78894472361809,0.0,0.0,0.0,0.0,0.0,0.0,0.0,0.0
17.889447236180906,0.0,0.0,0.0,0.0,0.0,0.0,0.0,0.0
17.98994974874372,0.0,0.0,0.0,0.0,0.0,0.0,0.0,0.0
18.090452261306535,0.0,0.0,0.0,0.0,0.0,0.0,0.0,0.0
18.190954773869347,0.0,0.0,0.0,0.0,0.0,0.0,0.0,0.0
18.291457286432163,0.0,0.0,0.0,0.0,0.0,0.0,0.0,0.0
18.391959798994975,0.0,0.0,0.0,0.0,0.0,0.0,0.0,0.0
18.49246231155779,0.0,0.0,0.0,0.0,0.0,0.0,0.0,0.0
18.592964824120603,0.0,0.0,0.0,0.0,0.0,0.0,0.0,0.0
18.69346733668342,0.0,0.0,0.0,0.0,0.0,0.0,0.0,0.0
18.79396984924623,0.0,0.0,0.0,0.0,0.0,0.0,0.0,0.0
18.894472361809047,0.0,0.0,0.0,0.0,0.0,0.0,0.0,0.0
18.99497487437186,0.0,0.0,0.0,0.0,0.0,0.0,0.0,0.0
19.095477386934675,0.0,0.0,0.0,0.0,0.0,0.0,0.0,0.0
19.195979899497488,0.0,0.0,0.0,0.0,0.0,0.0,0.0,0.0
19.296482412060303,0.0,0.0,0.0,0.0,0.0,0.0,0.0,0.0
19.396984924623116,0.0,0.0,0.0,0.0,0.0,0.0,0.0,0.0
19.49748743718593,0.0,0.0,0.0,0.0,0.0,0.0,0.0,0.0
19.597989949748744,0.0,0.0,0.0,0.0,0.0,0.0,0.0,0.0
19.69849246231156,0.0,0.0,0.0,0.0,0.0,0.0,0.0,0.0
19.798994974874372,0.0,0.0,0.0,0.0,0.0,0.0,0.0,0.0
19.899497487437188,0.0,0.0,0.0,0.0,0.0,0.0,0.0,0.0
20.0,0.0,0.0,0.0,0.0,0.0,0.0,0.0,0.0
