Block_ns,Block_frames,Avg_omega,Std_omega,Boot_omega_mean,Boot_omega_std,Avg_overlap,Std_overlap,Boot_overlap_mean,Boot_overlap_std,Norm_omega,Norm_overlap
10.0,100,0.37626506332415083,0.055820183788855844,0.7211979324210538,0.00926938463313219,[0.64772087 0.63062491],[0.25379878 0.27665741],[0.99121459 0.94740319],[0.00476062 0.03515403],0.521722326714156,"[0.653461799335089, 0.6656351975954222]"
20.0,200,0.435149817702721,0.05749969657859401,0.7751232868939557,0.007878154584966917,[0.68982673 0.67044762],[0.25121107 0.27346165],[0.99560369 0.96575559],[0.00226796 0.01760612],0.5613943292123716,"[0.6928728119602174, 0.6942207957663016]"
30.0,300,0.46900036535573014,0.04680896861463516,0.8063990948123917,0.0055865770118075945,[0.71694423 0.73738325],[0.22820852 0.22102669],[0.99689365 0.97432526],[0.00153292 0.00941304],0.5815983281390499,"[0.7191782419968386, 0.756814262223017]"
40.0,400,0.49090991116663363,0.04641941840886355,0.8256521165952251,0.0060055657940234946,[0.73398775 0.74297871],[0.22380974 0.21310616],[0.99787497 0.97543623],[0.00073401 0.01038483],0.5945723402139615,"[0.735550816444573, 0.7616886502117806]"
50.0,500,0.5045561377574217,0.043147461076097154,0.8391253016301035,0.00469113827571386,[0.78249566 0.78852805],[0.13438073 0.14254597],[0.99804026 0.97599608],[0.00077246 0.00751062],0.6012881947156875,"[0.7840321592892583, 0.8079213291835565]"
60.0,600,0.5178273671990419,0.04591440174234597,0.8513639245193061,0.004626283938114012,[0.78806362 0.81524033],[0.12549846 0.11388625],[0.99840565 0.97921043],[0.00070725 0.00742922],0.6082326867343076,"[0.7893220707266226, 0.832548664375269]"
70.0,700,0.5248520073034364,0.04376616495934402,0.8577012863247093,0.004569470594269006,[0.77299351 0.74606342],[0.08435401 0.18616717],[0.99835508 0.97854324],[0.00075637 0.00701233],0.6119286698897842,"[0.7742671155199536, 0.762422538247666]"
80.0,800,0.537722118947689,0.047774196673060015,0.8645429499908198,0.004509208559757833,[0.75304093 0.79444295],[0.24676909 0.22260438],[0.99849715 0.97919857],[0.00061063 0.0067786 ],0.6219727070279143,"[0.7541743343872639, 0.8113195610740264]"
90.0,900,0.5445593629424285,0.03699905963505856,0.869056849054401,0.0049763578794240195,[0.80572786 0.77843248],[0.10633493 0.12444448],[0.99867449 0.97931815],[0.00051303 0.00762499],0.6266095981349781,"[0.8067972756892031, 0.7948719021197597]"
100.0,1000,0.5597090880858386,0.04314221685157172,0.8734116873963128,0.00380283039109175,[0.8327355  0.82151468],[0.11840179 0.12671063],[0.99869411 0.98048874],[0.00061762 0.00627422],0.6408307744934826,"[0.8338243795114504, 0.8378624303650568]"
110.0,1100,0.5611010950219363,0.04646318075726062,0.8773511296775226,0.004066830001066143,[0.79274596 0.81943222],[0.12225837 0.11492172],[0.998847   0.98047833],[0.00044459 0.00560061],0.6395399470542352,"[0.793661046725647, 0.8357474117143221]"
120.0,1200,0.5628035241981535,0.0399813477795153,0.8801118510219255,0.004291756736251679,[0.83241887 0.80670469],[0.11319938 0.16555557],[0.99878898 0.9804699 ],[0.00053317 0.00586225],0.639468180714377,"[0.8334281627384933, 0.8227735315025468]"
130.0,1300,0.5754666030251593,0.04680021634668038,0.8828954584420675,0.004039994922973765,[0.80228965 0.81487118],[0.11148387 0.09536153],[0.99893609 0.98021302],[0.00046401 0.0056574 ],0.6517947255506461,"[0.8031441289681597, 0.8313205001500618]"
140.0,1400,0.5805368551546242,0.04943124067520466,0.8848093047926596,0.0038254048091926115,[0.82555826 0.78190284],[0.10865316 0.17995593],[0.99900523 0.98209549],[0.00035568 0.0043916 ],0.6561152239359229,"[0.8263803151408243, 0.7961576566376951]"
150.0,1500,0.586652687907283,0.052956482557917135,0.8869676262553883,0.003916884972992142,[0.85260516 0.87806918],[0.12407072 0.08765017],[0.99898093 0.98181619],[0.00039765 0.004485  ],0.6614138673629173,"[0.8534749117137942, 0.8943315292814332]"
160.0,1600,0.5855348612709793,0.043172595796619945,0.8879267606804742,0.00365439532859356,[0.80732714 0.7778509 ],[0.10683545 0.09576213],[0.99894309 0.98206668],[0.00048133 0.00444973],0.6594404935180094,"[0.8081813144939763, 0.7920550763351308]"
170.0,1700,0.5845752104264005,0.03452641434740039,0.889022929817562,0.0038810978409676246,[0.78199322 0.78800835],[0.10449645 0.0803637 ],[0.99899    0.98119177],[0.00041674 0.00435399],0.6575479560986827,"[0.7827838251484354, 0.8031134899152621]"
180.0,1800,0.5949427029956753,0.025943925962824594,0.8906460516943805,0.0033186330370691794,[0.81025769 0.81691061],[0.13900979 0.11485584],[0.9990977  0.98167795],[0.00031675 0.00411993],0.6679900526857397,"[0.810989448151891, 0.8321574384560257]"
190.0,1900,0.6016181402942995,0.02466390990885575,0.8918009405992603,0.003656203993450065,[0.84814184 0.84791607],[0.10090983 0.10670095],[0.99910731 0.98168246],[0.00035628 0.00438663],0.6746103450956581,"[0.8488996407546671, 0.8637376127339137]"
200.0,2000,0.6137377474569565,0.03227120163431123,0.8926455948768869,0.0037566401877747882,[0.86558213 0.82052821],[0.083449  0.1091154],[0.99914694 0.98233431],[0.00029809 0.00420789],0.6875491807491672,"[0.8663211597531466, 0.8352840856644898]"
210.0,2100,0.6227798451699186,0.03826371688123696,0.893825617717771,0.003105826740956498,[0.84466415 0.83054346],[0.09084635 0.10313239],[0.99915961 0.98183547],[0.00034334 0.0036887 ],0.6967576592401536,"[0.8453745950339162, 0.8459089924179569]"
220.0,2200,0.6230796739792912,0.039996349250234625,0.8941771624663585,0.003457295049844362,[0.82980225 0.80526283],[0.10673067 0.10564078],[0.99916948 0.98180094],[0.0002432  0.00421083],0.6968190422809342,"[0.8304919864769382, 0.8201895105416008]"
230.0,2300,0.6233662187304703,0.044003325963272395,0.896074181221981,0.0035271914666163916,[0.83165118 0.81237211],[0.10656242 0.11371023],[0.99913154 0.98331419],[0.0003139  0.00339587],0.6956636311966745,"[0.8323740596601759, 0.8261572071114441]"
240.0,2400,0.6277192749265742,0.048079199180968445,0.8961694577637238,0.0030122574087101985,[0.81954036 0.78412327],[0.12278081 0.13421925],[0.99912571 0.98236184],[0.00038891 0.00308989],0.7004470744773732,"[0.8202575058061625, 0.7982020933825102]"
250.0,2500,0.6357886012701682,0.04691894915307113,0.8965555383464076,0.0036992935055673256,[0.83775668 0.81025053],[0.10376647 0.10640619],[0.999178   0.98225138],[0.00026349 0.00351912],0.7091458075679353,"[0.8384458788948701, 0.8248912059425114]"
260.0,2600,0.6339073556478421,0.0568850474650476,0.8976310346061419,0.0034269420917856074,[0.82614031 0.80882813],[0.08665824 0.09629541],[0.99923079 0.98211188],[0.00025098 0.00345241],0.7062003553898789,"[0.8267762811441455, 0.8235600678573375]"
270.0,2700,0.6414351640482945,0.06219170715147912,0.8982928625320682,0.0028722755619858945,[0.8571051  0.82454885],[0.08005683 0.09191454],[0.99924387 0.98227242],[0.00021296 0.00345389],0.7140601810418992,"[0.8577536728860663, 0.8394299130583445]"
280.0,2800,0.6497688870699383,0.0640179203102999,0.8980711438406713,0.003229362208303303,[0.8654754  0.82192217],[0.0811241  0.10758871],[0.99920228 0.98226109],[0.00027468 0.00364823],0.7235160505114895,"[0.8661663593362938, 0.8367654816650973]"
290.0,2900,0.6502972657712239,0.062463653187964034,0.8989759400465245,0.00319368568625787,[0.87797396 0.85674269],[0.07128841 0.05295076],[0.99919462 0.98279389],[0.00027296 0.00314464],0.7233756064011783,"[0.8786816400063026, 0.871741971492465]"
300.0,3000,0.653614707669819,0.06551848965581472,0.8994136439348561,0.003091362233394325,[0.89344392 0.8798008 ],[0.06030472 0.04329629],[0.99921675 0.98255868],[0.00023618 0.00360827],0.7267120218571643,"[0.8941442638814627, 0.8954180673300283]"
310.0,3100,0.6535636426631252,0.06609292106063358,0.8998000436890348,0.0027323166525471568,[0.90571311 0.89832562],[0.050615   0.03079364],[0.99919417 0.98287502],[0.00029896 0.00303802],0.7263431995219959,"[0.9064435546575174, 0.9139774620553398]"
320.0,3200,0.6483331169382615,0.06295057561029055,0.900431672363064,0.0028582639574154856,[0.90406702 0.86812501],[0.04366706 0.05292436],[0.99928662 0.98273033],[0.00021608 0.00337272],0.7200247801554968,"[0.9047124199605486, 0.8833807056385279]"
330.0,3300,0.6449698359357859,0.054181349989766855,0.9008661372812314,0.002641522359901216,[0.89760665 0.87419499],[0.03676342 0.02450558],[0.9992265  0.98248493],[0.00023447 0.0031146 ],0.715944144467759,"[0.8983014890342255, 0.889779540282596]"
340.0,3400,0.644293283626907,0.054866414761786886,0.9008699275771096,0.0027210000943044257,[0.86613972 0.88083604],[0.01612364 0.00285946],[0.99926705 0.98260369],[0.000238   0.00315619],0.715190133341152,"[0.8667750297160514, 0.8964306251486105]"
350.0,3500,0.6314748562411016,0.04112536133281319,0.9009338442179875,0.0028087684832364098,[0.8168333  0.83345359],[0.02990924 0.05538238],[0.99925541 0.98242146],[0.00024279 0.00323203],0.7009114601408087,"[0.8174419578253584, 0.848366633635015]"
360.0,3600,0.6431005937129711,0.026392745468476586,0.901654202765313,0.0030054075252522383,[0.82626307 0.83122003],[0.05232851 0.06817129],[0.9992942 0.9827772],[0.00024301 0.00293243],0.7132452682421095,"[0.8268466540498086, 0.8457868509587557]"
370.0,3700,0.6422839462680053,0.01654497773434227,0.9023370487729286,0.0031069692367695057,[0.81945211 0.82137252],[0.07891629 0.09145282],[0.9992932  0.98279191],[0.00021626 0.00313689],0.7118004820276805,"[0.8200317036673471, 0.8357542511722194]"
380.0,3800,0.6496989063261556,0.008779332977623844,0.9024499295131589,0.0026874443427449064,[0.84849955 0.84715408],[0.07878393 0.08842553],[0.99928567 0.98266165],[0.00019336 0.00321039],0.7199279262802382,"[0.8491060975097303, 0.8621014952341176]"
390.0,3900,0.660953407789698,0.002214071868771872,0.902629624604698,0.003056666785796332,[0.86497833 0.86901768],[0.07198193 0.0710466 ],[0.99928537 0.98282515],[0.00020876 0.00305562],0.7322531742509107,"[0.8655969117476539, 0.884203741623586]"
400.0,4000,0.6687661021995945,0.0011420311144911821,0.903089858586498,0.002657621475465184,[0.88329001 0.89914871],[0.05805884 0.04040323],[0.99928506 0.98310227],[0.00021452 0.00287542],0.7405310732271279,"[0.8839219549027655, 0.914603433267382]"
410.0,4100,0.6751537454687293,0.005620401232917571,0.9032842428323947,0.002814413538606739,[0.88298446 0.90225378],[0.06136744 0.03653077],[0.99932084 0.98265185],[0.00018319 0.00293103],0.7474432891153674,"[0.883584548808885, 0.9181825556692008]"
420.0,4200,0.6850654558637517,0.004392035010184425,0.9034641875991292,0.0025176929284704834,[0.894532  0.9079855],[0.05341317 0.02617942],[0.99928727 0.98259352],[0.00022278 0.00287051],0.758265203277452,"[0.8951700152163702, 0.9240703083701618]"
430.0,4300,0.6861634042278043,0.006917918553238311,0.9037570905941932,0.002610325146790868,[0.89872086 0.91853427],[0.04880281 0.02655282],[0.99931515 0.98301297],[0.00017329 0.00273286],0.7592343245425299,"[0.8993367670469989, 0.9344070697827712]"
440.0,4400,0.6898115337493952,0.011308016599582471,0.9035156509301119,0.0027524549693330952,[0.90157938 0.92412684],[0.04766402 0.022751  ],[0.99927658 0.98233531],[0.00019361 0.00288123],0.7634749138426967,"[0.902232074161707, 0.9407448041946094]"
450.0,4500,0.6944855386925504,0.017399846647041695,0.9038705223036082,0.002576192952381617,[0.90024259 0.92351419],[0.052067   0.02530307],[0.99926956 0.98267929],[0.00022446 0.00268064],0.7683462637132823,"[0.9009006463038212, 0.9397920613328219]"
460.0,4600,0.6952016955979499,0.02327568525727458,0.9041507783016831,0.00266051588510909,[0.90288654 0.92763585],[0.05145907 0.02468331],[0.99933502 0.98293787],[0.00019294 0.00292189],0.768900179352592,"[0.9034873389817873, 0.9437380263594636]"
470.0,4700,0.7007093338323975,0.0305193355641194,0.9040694622668412,0.002412446717123287,[0.91072844 0.93224049],[0.04691946 0.02165667],[0.99933941 0.98214633],[0.00015123 0.00289941],0.7750613897249183,"[0.9113304564038417, 0.9491869527905528]"
480.0,4800,0.7028827657486346,0.03564307072653805,0.9049742985891193,0.0023591562173505606,[0.91109118 0.92618176],[0.04914382 0.02863281],[0.99933192 0.98315429],[0.00021794 0.00267699],0.7766880969376134,"[0.9117002677855037, 0.9420512875321633]"
490.0,4900,0.707285840757731,0.03775250936218966,0.9043079575289245,0.0024658968992034565,[0.91878595 0.93144594],[0.04286656 0.01951502],[0.99931419 0.9825961 ],[0.000159   0.00274522],0.7821294005754764,"[0.9194164977745205, 0.9479438654442396]"
500.0,5000,0.7122643142050046,0.03588293434856993,0.9050322729854149,0.0024293239892465676,[0.91454846 0.92024189],[0.04759057 0.0249117 ],[0.99936184 0.98267074],[0.00017599 0.00310224],0.7870043262164234,"[0.91513246636367, 0.936470227264795]"
