CV,phi,theta
0.704354,-56.9859200675109,111.65504614358194
0.551581,-35.44009881145608,107.05001928563985
0.586025,-25.008442785137383,108.04727212021602
0.742701,87.26008463077015,66.34496263304953
0.689058,-48.31474789488334,104.48532992701395
0.667636,77.5605427235983,106.67591127066372
0.750495,-166.53844433575537,170.0096528450309
0.702449,85.00250156560347,109.79583639736728
0.700293,98.45051030485172,116.25288739499669
0.638151,56.41606731395669,111.9396478403351
0.837383,62.083515309929595,51.61278372913073
0.741359,-91.55609251570253,124.67745556734599
0.700322,89.39506607184265,108.49689832004259
0.649228,54.54772076825767,50.34355524160045
0.409423,-88.02634640220084,34.58241141231956
0.63258,58.8268124046267,53.58029717035522
0.710035,60.83794815371571,57.484446846737185
0.681015,54.618641059089384,57.90413534045166
0.667765,51.6179621010043,54.40878024518702
0.650124,66.5811675775515,58.82648147816256
0.709697,64.49360922653807,61.76020769626471
0.661638,87.8370563625965,58.529878745074654
0.797569,-170.7035033919979,94.90300612827029
0.678954,83.67431004822957,63.55285126809681
0.699011,49.271806180098615,61.21529091360608
0.82566,-151.2751656542436,108.51989864737638
0.735398,66.39356172527083,52.696549935429864
0.929125,100.75630264694404,89.6426340650653
0.758,33.678894542869266,106.88879875578151
0.783599,84.79801863561936,72.38185252103558
0.933324,83.24268207604297,97.9370928447407
0.88461,115.78298680625069,100.84081353961919
0.816249,-170.24923060882813,111.29314781308005
0.901405,-177.62276144919997,109.46042299882919
0.803053,126.87608787665626,130.2067662988956
0.684766,84.10734864058253,62.13044280851753
0.841167,-139.78184471685918,108.29924228239894
0.949207,-164.656355747105,110.19704757120185
0.792024,107.59475975210356,120.01215397851709
0.780673,-142.96112300686121,114.60132010687897
0.776238,-150.82271229557375,116.73998250260564
0.840408,-168.5816741347128,96.53450385910567
0.896549,16.633302996519625,135.3240958027835
0.990542,26.830406973983763,48.19608601285671
0.699515,-72.17723918530673,82.68803432093983
0.929887,173.78234204845876,99.49708810818713
0.88163,-178.0183561381611,106.45254046132801
0.841239,-149.16108513332594,100.29483145863425
0.909071,44.89829672945876,86.90644717775875
0.896416,175.2386222996572,97.87992631799713
0.88336,177.3096764747999,106.88650804960751
0.889235,170.95073226059966,103.62223024664428
0.682867,111.9040274050838,109.42183331213303
0.900154,163.62850889045353,95.04420025245679
0.898741,158.17098485898674,92.62267572132158
0.85746,157.89097595507263,124.75792257184524
0.841264,-178.60313976477258,105.03846705465854
0.906565,157.35707827230897,96.72946928438945
0.862308,158.4664171078157,111.24057570248468
0.877164,175.42613312854849,100.7448854461331
0.867748,-177.70428529537912,99.36000915320392
0.934848,178.7543026761916,96.08894287812338
0.83938,123.37149548869299,159.0130225989066
0.814368,-170.25819430068105,106.47066961766414
0.82702,-175.7493556913961,92.43506237334938
0.885891,164.66496843007687,102.13287437156494
0.780757,-83.61556663596525,166.40810798941655
0.928358,-163.94607385555378,99.24090024715326
0.843876,-178.86320437569162,110.90894631810967
0.833788,-175.46124960747167,101.37436005191749
0.820325,27.645974397804046,166.436142265509
0.87558,-163.5828286296936,106.50731267503757
1.047684,98.44793650733757,113.64770943290432
0.897095,119.85867539888321,166.65686916970046
0.899407,-170.9314334213538,107.61593076512099
0.863289,-176.79132961831988,106.15338070754105
0.825397,-164.51776519107673,107.9257849815349
0.875951,-172.8902022240712,111.18573472532482
0.838404,-178.45581469424118,103.8639090070009
0.850801,-166.3663147442436,100.89113968815255
0.839258,-166.31665509883737,90.92539079917917
0.86595,-166.5038162992209,102.68424982949084
0.902289,-161.01408314160662,109.9527614278781
0.835391,-102.65876008815611,167.43195305672873
0.910566,-169.85854461313116,114.69962781382284
0.951022,-174.68719636802064,106.1599902739782
0.905146,-160.60801896374596,109.30227296142395
0.935698,-166.30780088049593,110.1679423974625
0.704442,32.12755884831677,98.14180343816759
0.892507,157.3153443245492,141.98583450313274
0.967554,-153.95437196310021,107.79403358418762
0.852374,133.02288498734436,152.99071730110487
0.822747,-178.16860499548775,89.66610040698502
0.85794,-170.9880071816366,109.43944138794588
0.766192,-168.7762721214722,100.71892046014553
0.824297,177.64676116387483,110.50143048979353
0.816557,174.5659771064877,106.91750681157413
0.760806,2.5949112951437687,92.73733415987749
0.730453,94.09052516420668,67.08010258282903
0.846896,169.1213334340707,111.84013095362687
0.853015,-166.26987143815873,91.65835452659083
0.755986,95.99003887303516,59.934774088300614
0.905151,160.89854020582317,101.39816081689537
0.807766,-165.62107704191504,107.07803903319102
0.826875,-171.33156543543103,110.37053561525796
0.81723,178.0852596290898,110.91414137583351
0.928106,-161.40453656615486,109.52730080010106
0.894901,172.42163874137103,107.43096716478205
0.830783,-151.9319064464544,105.73436358256305
0.919836,-152.42947775246714,99.19602849123689
0.926823,-167.29588947986812,106.10774724143576
0.881278,-158.72983175259523,95.36429894921821
0.878623,-168.0775973931242,116.74333633917846
0.73347,98.30631461419455,58.02456728308714
0.727653,-97.70870425994072,132.18753947557573
0.706124,93.68690263788265,62.30524774378822
0.875018,174.3290312040653,104.88833070010547
0.874228,171.86240496673614,109.60350554379363
0.812614,-161.50554870187895,109.7424743674002
0.747971,97.57493285521201,66.31348630124549
0.915817,176.86605233882926,102.87805024631716
0.951745,36.66715560764939,100.78993804578056
1.027903,29.16066288853385,81.8060688468712
0.830073,-155.54589958072404,96.25608795437772
0.876446,-172.5609005337512,103.8280149097157
0.919896,-151.43237311947834,103.63223123172669
0.803396,106.83839427963969,63.243067710489655
0.795251,97.45290744847811,60.62531969475887
0.813551,92.03469375456609,67.9831967911274
0.799561,109.28731050232749,62.971996169136396
0.805861,-157.91516207251124,103.67596337048529
0.889124,169.63239583317312,104.81202484858089
0.884064,177.00444787714056,101.42006025458514
0.817193,-127.22352383463718,99.26705922818549
1.170287,9.01553810838866,152.1481926696293
0.871014,158.78785536317636,111.45854229076738
0.752476,96.84565894692459,58.87660816559424
0.768545,57.08118729430274,129.67399082939932
0.903717,-177.18445493202276,89.03311335869401
0.800063,105.16838845195532,69.1642844641783
0.922726,-164.26353822192556,110.73785395538472
0.714307,89.49186571582617,71.39029945155494
0.78374,85.17630082037896,65.97893226554186
0.852766,177.8397120735274,104.16105541097905
0.688984,95.3310894730365,66.76489080929332
0.840977,106.04959699910147,62.22409828651235
0.69173,107.80091169681208,53.48045840937113
0.718285,101.53675224538576,64.35866201693054
0.843109,-49.64176548817055,141.25136362695707
0.905981,-142.02467302910236,102.51540115414046
0.959104,-164.12602446053992,125.31578903744354
0.674048,106.64780871744499,66.87061475961261
0.86298,-157.81355990129634,107.35897172613406
0.696743,90.43599210836364,61.47039032652888
0.867772,-156.32668381007247,105.9257543730417
1.01268,164.85962081243156,108.2882346899982
0.759481,94.22244701515707,70.91897677240019
0.894538,153.96291936075107,106.45645976551789
1.00916,143.21233104909277,103.44960358622964
0.884418,-139.17030017642517,104.15176505275267
0.85842,-141.6668556079164,96.51028762309724
0.726902,100.03926606306857,64.73289739351533
0.760245,103.70131085726547,73.12090622809242
0.775191,-84.4241269154499,139.40739240126646
0.741252,94.92641678678794,59.61613883315214
0.81079,-172.60563901762904,99.91090403955525
0.83167,-140.32542249139448,102.70283167115615
0.859904,-168.56345355536752,100.51593744861127
0.818377,-151.08170746054807,108.83087161634677
0.861541,-161.78304677294372,95.76377968858331
0.871117,94.09882935039928,31.91290071606198
0.804948,-156.34846267004122,91.73812250449264
0.647612,21.750286748670806,52.7428131976432
0.647643,-105.5164411577282,84.73339050065056
0.836785,-179.67523622597997,99.78943281886767
0.693139,-111.00746111739547,74.85604360482998
0.880308,75.64282932032816,34.48264528647518
0.684022,106.17379255810332,64.73683998895602
0.875855,96.51206352527103,33.04006366932568
0.89098,173.5801136933548,107.04555870270997
0.879431,100.26466119118626,35.06584641554472
0.789316,-110.71348613920647,134.19741952003787
0.87937,84.41933158631926,29.921711477959953
0.884991,91.422955734948,36.67595052318153
0.869095,101.2343437379246,30.65049108394268
0.855473,-177.7987372979643,108.349013113001
0.914779,93.52419974679603,33.663645013895106
0.872735,-162.62025283140335,109.16106028595499
0.855525,-161.7070406910972,102.75168058498559
0.890405,85.12832225977559,44.98388086432635
0.866674,-178.01303062403184,109.97494844924137
0.72726,104.68271115349438,65.18385218655104
0.777993,28.948692048518865,86.06905105697966
0.803059,34.07816682427643,73.65537928808719
0.768753,26.07903570549358,86.57113702233424
0.808115,40.45266884604757,66.47269867529593
0.805961,46.96831561449831,72.97693058863887
0.83386,54.09826108332656,72.05985291246026
0.788407,-92.5382029932618,136.49346734545014
0.768316,-91.08139738494296,136.65121548182145
0.880654,-173.11201318420305,95.64894982117649
0.906535,176.17827143477666,92.74733036688541
0.861409,-175.83082822530068,98.9381807528601
0.795373,-162.18869163418927,104.91269469288109
0.792554,33.70948400340857,84.1000243584642
0.820289,-95.34111482270544,26.389402205850445
0.868525,167.1875528896757,112.06194927995712
0.830812,-173.17787762636206,97.11120374701837
0.882428,160.8153778678754,106.42989657919567
0.842281,-179.77474796922746,96.72907148018471
0.921683,178.34573023059357,106.4439332107448
0.892299,-174.79978572383527,109.28640162279204
0.760854,-88.90866187387388,117.08695415252532
0.875933,175.05203013820298,94.01774889838411
0.791532,30.903508308557985,75.02510241776554
0.779429,30.732583572626137,90.10859260110367
0.944987,-164.46299474907715,103.48963906404765
0.744358,24.391076600804183,89.07184098992086
0.886181,-170.81175799674375,98.64122984504763
0.678236,100.64650978317015,61.98298225878608
0.915595,165.81599545954148,119.24288825597003
0.7303,106.21705542902241,67.06744925904489
0.857152,175.8351252929842,101.22400243362804
0.874525,-174.72162528963108,107.60696912865362
0.805599,-169.84100578632453,106.70368407160748
0.721674,102.29033634498576,59.95379501609215
0.845554,-162.4035691069635,111.92966320702658
0.696053,117.16448812835988,132.68090882166396
0.687404,96.58043182683306,57.91478015456276
0.788854,-166.99350696453007,104.67436855004617
0.846689,-171.55336822209352,109.68944511650055
0.844118,178.43862374429034,101.32177395610827
0.88305,175.5241120731702,104.11747142499276
0.838128,51.673785766321444,57.593356383920955
0.752439,22.540354581987526,94.23399176143445
0.887713,-153.84305306764162,102.3755587609776
0.826522,-166.64682813642023,98.28091187426747
0.794332,-173.71281307180405,96.2378313265842
0.838309,173.1468167055146,105.53109512892094
0.859122,176.3202088419083,104.85190247478437
0.90819,169.9600990050064,106.1247839893593
0.896449,73.93505502122673,78.50735104356937
0.822283,179.46631595168392,102.96495871479983
0.915487,153.5061210660466,42.49147423223506
0.879394,93.17974187975929,32.34484665409065
0.799221,179.450994614022,104.91021065425682
0.879144,177.74043352016383,96.83248813893287
0.922153,163.10651838397067,110.54389500073496
0.908046,87.53076583580659,41.20253548145115
0.897137,149.43779147158895,106.11665871235569
0.862512,174.0949636778729,87.18819837584634
0.91233,159.7373185021654,100.3400361483724
0.891055,102.99009830385313,43.16306908667711
0.875553,151.34824828158187,112.3432492469968
0.881207,176.41635924375703,105.2849258989547
0.887031,176.97753239741468,113.6765808965589
0.871355,-163.13141270227953,105.8684377286575
0.848587,168.45122004072343,99.5648250153645
0.854902,-173.0424336866722,92.91083645519983
0.897352,-177.9776698922786,100.8203745284442
0.954178,171.85253057992603,85.09930203545106
0.782149,29.651367377202753,84.48746595799855
0.86242,173.18744044733896,107.22519682168871
0.883833,-168.70392003075415,103.29642368070118
0.893663,-169.43985918420253,102.05624719710545
1.101448,-69.19921394189329,36.80781299714292
0.776198,27.3022529360668,91.3780749951159
0.804926,-160.6049962774286,95.57410814327795
0.915872,-162.24816153167907,101.88923661770228
0.783036,41.999962038773106,67.40396428868709
0.672944,32.213972172219734,32.363221677156886
0.85697,-172.92721252016432,87.18672203018136
0.79167,22.461915495649407,84.08309682911451
0.788571,33.891960576275146,78.94827505436376
0.85839,-179.527546019729,97.80140639166021
0.94258,155.51524441625716,124.38335210743277
0.871829,-154.54534008571147,99.25103187098352
0.855721,-157.40903612555047,103.01196784448427
0.911962,-142.61443039615847,60.13416601043386
0.885537,-168.2738505135485,99.49225195673638
0.766892,-148.8348373745335,103.6472070719292
0.881661,-171.99738755589814,103.36722695637877
0.824773,134.16318032929806,81.06826065284218
0.872366,-161.44789221121533,102.14051247212791
0.879275,140.33310856512915,114.80823476190857
0.863098,-175.35554375767248,97.21664182353531
0.882962,157.94763566403597,98.76389705779717
0.82098,-148.2456206752997,90.45169080695746
0.836036,-167.30137386194443,103.25689381110713
0.852729,-179.4147555408396,98.13175558516747
0.872476,79.63099398929194,34.156990968088955
0.899437,111.86426439284845,35.57675388736102
0.849329,-167.090772334356,101.55834958857027
0.912117,162.17102427475484,82.44819679141634
0.866017,169.70896709361548,106.63084696830921
0.87489,-162.59895920612945,104.93115125908182
1.085898,113.27451161080326,109.73100273852101
0.862086,-173.62304958386994,100.6543179190547
0.879601,116.99476035634125,27.79489067164802
0.739088,91.74088294479742,62.02438814433208
0.855784,107.33903006415657,28.521954962402905
0.884598,87.81514062326042,28.053638825020425
0.732367,79.51943971385518,65.91165888757084
0.862217,-161.17595553647527,99.7328433786234
0.819657,-170.54923786055522,99.58044073814914
0.863458,-154.88659853112912,92.50849219241178
0.862112,82.86257977516766,26.670957474055037
0.6573,96.9204868244221,55.05087439080272
0.894696,94.01038824828841,35.176315936500224
0.948152,-174.12549667073873,89.3412918427363
0.927234,174.61420348305919,86.54334405798909
0.891893,-176.12523649766095,94.80818399792534
0.79777,38.69455867916952,78.58867885017385
0.770249,101.73243008083085,68.83515573197404
0.720258,102.91607077912023,57.183499171884954
0.86089,-171.52352395763032,87.58341341606253
0.701923,82.25608448055776,67.07718696424439
0.829968,-163.53364876194476,92.48614530039957
0.741588,105.60569558277793,67.7194187800706
0.852222,-169.08355261658753,86.99254878190064
0.791746,106.11552495098293,54.17834819864281
0.716572,102.88334484064741,58.85639733920713
0.728674,142.62197847698613,88.68084822679046
0.838314,86.05047324263849,65.59982232281114
0.813064,-168.4494310922742,83.24287461587149
0.825076,-157.46741679451222,87.18879986440446
0.892701,-174.23023746262072,86.17199142535179
0.719769,128.11581224597452,78.53993881116452
0.995453,177.38635849695922,94.05116855973652
1.129609,122.82090061540684,163.76494973999272
0.858218,-167.97944620922434,92.42586044536934
0.720447,104.87113730607534,78.87338141028842
0.748965,131.71652609608282,75.58713982403177
0.854493,-162.14888459371298,79.3198542907651
0.798324,140.22675508151605,84.3770765230554
0.805664,132.57540712987668,96.97836148485447
0.783491,128.04247350750742,94.13906251996096
0.571652,78.60225513914658,45.20227207601241
0.753632,-178.19434033865082,78.84150346033968
0.810932,172.5619932891489,72.8178441712518
0.856409,-167.87958376523522,81.34255384602206
0.82175,178.2027916109502,76.4481645200983
0.731478,90.04410458835888,55.84355917213264
0.776668,86.02053510563725,63.00829085478123
0.729334,107.34786592487079,64.81746768189615
0.682872,81.43588745003825,61.56000719919411
0.828788,-174.26014665957427,77.9190890793304
0.69537,111.23059212515494,66.21642209110155
0.748966,75.87947429061724,65.71722699907976
0.829634,-173.4815086896033,82.26112787568839
0.893142,-173.98769721873526,80.29149449426156
0.849501,-166.53726825230487,82.23749208413672
0.829811,-167.06969107333353,79.90520580177709
0.836229,-174.51074652288307,79.34539500837253
0.845206,-164.36207361696603,83.59600861880686
0.781751,89.17679818501206,62.56673380160233
0.666398,92.16115963399328,51.31469025320742
0.865738,-176.17154999115357,110.12699173953496
0.811979,-164.64688759627555,96.5338819816572
0.752055,98.04792230062031,58.73463906126922
0.732002,126.56908963417935,67.52815723478462
0.829531,-173.8476502777602,91.86705754188695
0.893356,-179.03118808576153,90.72381536050112
0.639451,68.1891428492396,105.46894685892188
0.750271,130.14898225906433,102.02280098178392
0.762104,141.71965076281506,113.67991451150579
0.85703,-154.2027686807252,93.54171585791357
0.824801,117.19349133787475,82.80747562515475
0.733217,123.8500234347309,87.16993478872493
0.743399,119.54987301440059,78.5019338343662
0.708972,122.53618320185447,93.11880845569324
0.788804,138.83707544639313,148.38728958889996
0.722533,123.33673054720612,96.94282329914982
0.582141,70.14074946020114,106.00540703580188
0.802861,131.26028751554153,109.85508394085898
0.715824,136.16270098987422,105.73853522607095
0.826687,-178.09369336641512,98.94238712888296
0.8554,-175.86582604114358,86.22216706562509
0.712635,102.23760141560616,64.53554785530847
0.703519,92.97494593600752,61.199833647071976
0.765319,90.85904009079277,66.62510377668917
0.726782,120.74434781660493,88.01959852051696
0.710392,108.94233559659948,78.57342700207799
0.73414,118.20371662453128,77.77303433135432
0.554445,113.19247445584003,72.31931698971566
0.796588,110.83113759708735,84.40675004037831
0.681836,99.92799897874168,55.59463119404739
1.104394,161.29871627352597,51.310144150688956
1.032148,141.1985081149998,62.9121977135611
1.046087,139.86857594335353,61.97377109192069
0.828504,169.36672459330197,118.7511853304311
1.044441,142.8157053363444,55.862578488757215
0.971846,136.05228810466036,90.11512530473486
0.868792,-173.8909831207326,112.96015203220506
1.178143,-153.76865181595556,22.14907970850651
0.67354,94.81417323101402,57.23860743845613
0.900124,125.48699367265212,84.57685231899572
0.932036,147.52222620039424,67.25776251066057
0.833293,126.18000741698239,118.46288105827405
0.829615,152.9154839842853,124.91769438148718
0.793171,174.21275484044207,111.41391728868598
0.765938,95.55174226850909,58.8154375947543
0.876946,78.6793110085596,83.40796478889706
0.824646,143.25901061392054,127.80215884990349
0.633822,93.7885587613991,56.96911446766599
0.712754,118.5430166513852,68.91670059689369
0.681251,133.22581390565034,74.11218742831113
1.241218,-161.83498770684906,32.35037717033915
1.15034,163.8551696397701,106.36192106604793
0.77865,147.09658435744896,101.50745473881436
0.655014,85.59342269153885,49.41230356317677
0.725795,120.39863825681867,70.13561712483074
0.882959,-148.6679088249203,62.501801068039775
0.89094,-143.08703726838428,61.27181694345499
0.703756,123.0877012334592,84.81934555103577
0.731925,129.62415412606111,81.06673149671006
0.744122,124.03557568261162,84.19695720010094
0.850913,83.03487816862928,63.614409542746586
0.752098,128.2513648940658,80.31525018902214
0.780785,143.81236817284142,93.7958867747226
0.743629,135.72212771143455,107.28959450882198
0.793687,130.79340033346605,120.07653588490189
0.790678,135.46702967775522,113.38080729634852
0.833699,-165.81543187776475,69.84113181459111
0.719131,121.13116872688538,82.17557220537232
0.773104,114.62566018804756,95.0954500753125
0.729393,125.83767556647791,81.9931264352573
0.718426,129.6394208546663,80.71869403712218
0.78003,143.48199414761066,107.96666172890453
0.876869,-149.88526863732733,63.820948875488156
0.617419,73.8601187039729,47.59206872641275
0.688522,116.38446443019086,70.2177345606242
0.727585,135.52467844457036,87.99960682524737
0.730543,136.70786271301495,101.47122610214558
0.819471,-172.00820080778655,139.06018094436618
0.820791,146.26599508758233,121.66103515406562
0.846913,151.2929901379735,117.22889242761327
0.835365,137.31798040482212,127.48676446030818
0.823488,146.33583518940992,122.72729565478224
0.836399,172.8168493953053,119.97426029475172
0.99496,87.33377190947141,118.42062130999564
0.658878,56.562588747664236,46.764424459529394
0.775867,125.55102966117137,88.85127124969613
0.822724,88.49104807509282,118.73543134693472
0.644414,74.21184949811808,102.53790595214949
0.706445,77.07028342381126,106.97418388949966
0.957071,25.93928648470263,64.18629061172021
0.928718,32.38405297477314,64.9168206311824
0.672727,50.22148173421038,35.145657761703916
0.733698,124.19293725466065,79.65483071487566
0.803514,88.08903566814172,113.5959892484515
0.804203,83.23116920735339,113.48920592965447
0.798156,88.53413089431157,114.74029306804336
0.777113,90.39066886254284,111.85735061980371
0.733691,130.5058259125243,82.73645305019197
0.83251,155.78480047719037,120.9508242215984
0.76312,88.67839014470131,112.08355373326525
1.041646,-4.989107392552864,87.2142017243719
0.81727,91.16183581675237,115.24203123081799
0.810295,97.99244604213324,116.03265578085019
1.085701,58.52755496897692,55.52576247423719
0.892618,130.33945766689422,132.83579568589403
0.883858,159.41187308728752,109.9692837407747
0.671658,57.0364259864249,103.49033209421698
1.045626,63.329010256120945,57.41695713914066
0.880644,126.8384229703644,132.840652686599
0.905897,120.63624856643366,140.80926366244313
0.696404,79.9547396221171,105.7955510264474
0.79691,85.39912449162247,109.39328116008026
0.882202,115.66148582953397,136.28252994399523
0.685753,71.0433112340226,110.99480309239908
0.789419,90.39724096473002,117.10149936001942
0.856343,124.86193175874645,146.05723629157134
0.684782,91.37562306259089,108.86763673716676
0.81816,139.29814357416316,104.61762384578005
0.596342,67.3267753908739,46.139447309160516
0.700239,81.62727406195184,112.79730111836754
0.737164,93.70475314430442,52.15165910246018
1.036479,108.78111422322645,104.06526932897798
0.664236,78.90463825913136,107.655051059795
1.097383,56.51825115811482,60.72056915947329
0.679154,82.30913649756386,110.74511031276815
0.800604,99.31610717474273,116.4819477433157
0.719697,89.32581211987069,109.88260558727794
1.146167,42.37256696228367,59.91256134014254
0.819479,128.91605534955164,109.47636599483997
0.476434,56.556977598767844,44.779432278587905
0.679712,71.50223425693414,108.0306698510253
0.711784,92.14875132674057,108.53286246005754
0.537975,58.80557538077265,44.00968900440521
0.811852,108.78951594194965,123.09635142901296
0.906185,116.45507060256548,127.0401153850942
0.704876,74.54719425557892,106.30190146092393
0.740289,88.80195132782858,119.8063520550292
0.957429,24.859240498528965,72.88541466537
0.860549,108.84498379237388,141.85279012633308
0.74583,92.27702866230028,128.71363243898944
0.698722,73.99372673349941,121.47642566555693
0.826151,99.07657612193418,118.52767160247403
0.923938,28.896892981124065,78.50147701276923
0.768533,86.31338968598263,111.57788291439866
0.781587,91.72600660757466,117.8606883642086
0.690962,63.54888550688874,112.01447286932147
0.650094,90.53809759273894,58.82152871482387
0.974017,-7.539171800426503,120.62704568938504
0.872332,124.12896273181131,137.89016477497407
0.640107,86.81562522412393,114.30019442337263
0.705873,92.98553653881439,99.8663663260456
0.522166,41.657092970600935,38.81834786404622
0.636078,78.69937966153574,51.17763604078876
0.536206,57.78689819351298,47.20635699788155
1.17756,100.66098337431421,114.82088187389682
1.165846,74.62452707171718,142.96503584077948
1.027195,72.82218245498122,150.58713172137342
0.703731,106.97041331109742,59.22201567772711
1.051053,112.53560242059079,144.9800936616902
0.696018,110.27732934101942,53.796617689298735
1.002431,99.21650711406349,125.36035344968813
0.970351,75.39084265207201,148.23404738550587
1.110653,124.7484771023513,116.44185273343591
1.108431,111.70862401517648,127.02645352078731
0.827656,-19.690363442702782,133.39624081646704
0.625097,70.4272824721053,46.117392779792205
1.120115,128.54987952764077,140.510955089856
0.744402,-97.00965606925632,128.155993673268
0.693082,90.14504545304484,64.39181715591208
1.055087,117.38177188196057,120.30791978185934
1.031049,110.76286007570661,128.00459550338434
0.86226,133.55849826504874,103.29994729926118
1.102075,97.74263635044758,123.30728565922946
1.011045,135.9756915625205,96.92127061232198
1.120301,105.48182723884376,121.28451612056357
1.07674,116.6069146839917,119.01621669195815
1.09175,107.76905866100715,127.3140407056954
0.594219,67.38687374666075,44.364548426630066
0.623341,70.24269477350795,41.72375333650374
0.581314,59.0234692758147,43.1725111954224
1.067833,109.73669423182814,118.52872793826769
0.568642,67.08896994498436,52.96896065804863
1.055593,116.18822546252616,130.88566674139835
1.078522,105.16454718657481,121.3292365662286
1.086099,104.47161575241716,126.4810852683887
1.065843,124.17405936063444,134.60452758930157
0.566252,61.2604682060268,50.237443348021145
1.085892,104.2311811001704,124.93560032211985
1.031136,108.46899425772618,123.98943645129097
1.061822,122.35959199905342,123.15189248814977
1.00468,125.12781998938085,110.55311859752693
1.065387,120.72059859364225,118.95296669676793
1.015565,69.09521401603621,25.872997739360027
1.034656,66.11752590258426,34.93787248301142
0.692888,90.41264006776295,52.5931563292694
1.056083,79.27584710780216,31.063117492373387
1.070465,119.68984275131642,132.11691253046158
1.125713,111.30625554328746,121.59287283083266
1.041592,111.82623755636182,123.28772110727449
1.043438,97.54051804498447,136.56902640801232
1.026167,106.69262703464003,116.96057961896558
1.008878,70.12693383482693,13.787274106068708
1.173422,113.00126058405021,121.91940871716434
1.033628,101.56052012529446,123.24600725803376
1.049957,113.02125535463476,124.50707969046648
1.000853,102.86254998240581,119.69336771041327
1.048316,99.32697277903506,32.1520581061232
0.822721,99.34932049092356,63.75051361441941
1.002961,98.04512224330075,126.39275706439066
0.731944,90.70706919521645,61.67482317011567
0.726542,80.52647986366469,62.86780115153226
0.579218,33.36347556921309,50.364623905296405
1.013866,110.04017382960714,133.7010262496236
0.513776,53.26937386490851,52.235644214409234
1.05769,106.25020363003858,138.14018936012113
1.028219,105.29044634143716,112.93288618409301
1.060996,115.60120460501591,128.63966667296725
0.739457,75.46446277625755,71.35696590106704
1.053527,111.79597228624347,126.8697482514651
1.040997,101.3825987813116,119.90922015724901
0.713798,94.68572537948403,57.136553401381995
0.751102,95.92836620276445,61.32366459226838
1.077962,101.43948931068898,126.30944843413504
0.655724,94.37710085622405,54.8289483628234
0.99035,102.45523119407802,121.77420146676012
0.675136,90.25178067475568,56.40978385581617
0.699232,103.40661085947993,58.40220452962732
1.014837,112.28758657040731,112.21914310878967
1.012617,91.2696687355688,137.73432317898056
1.081322,101.02784498261657,126.27706247684246
0.98681,109.13322103692674,116.80261849176593
0.729195,96.86113669256954,55.02692276257668
0.802711,-60.379928230217395,145.93363222904185
1.093432,104.54598878152623,132.40385965823964
0.619355,81.17726761203784,53.34207477421478
0.705479,97.70914700160662,51.725899325468426
0.680439,101.65421746869912,58.45046005559286
1.050596,117.50372998365916,115.77505487053202
0.728857,100.59361706097869,62.73717681061522
0.689473,97.44347072011703,49.62749615896064
1.117063,93.21413977587449,103.82924163806088
0.989165,179.82127732807515,133.00622270583713
0.820301,99.82725991307467,57.93522780621228
1.132568,119.58839155061311,115.76986269464845
0.731418,111.83623609765665,59.38997631670035
0.66461,83.8068519952778,56.18503139560628
0.663395,86.24717018720796,56.55949493836159
1.110685,122.41109931008606,114.41039387370154
1.060909,131.66689828062687,106.87238561917053
1.062993,109.04798535784178,138.34576418749296
1.080535,109.45999692111683,132.38888034709
1.097514,90.06478197711023,144.18406167396645
1.139463,102.6620630769815,123.41231843025469
1.081579,93.55429718851937,111.65387301971884
1.116061,120.77928972084524,121.27314884842413
1.040942,112.07811879075841,99.88278781050784
1.150164,91.36459135766579,136.13150529402245
1.130639,112.14600965377855,107.25872955591446
1.210948,-158.62881925138126,51.340090805247755
0.97007,-177.32696480695952,74.34362966652145
1.077624,110.40043888270566,82.18513014903533
1.141442,81.35910614538071,116.94344299830217
1.133988,-120.73521200135221,67.55781645329255
0.95728,179.24833566653777,75.25744678142615
1.156758,103.94699380713604,122.36183703479378
1.120208,117.62454077047227,122.67081896627865
1.078067,96.62074860914078,91.48386078989981
1.164055,96.21376050714089,124.29284630053739
1.177013,-93.9091415419775,86.45096353739858
0.859224,123.41002175592087,131.42176246990763
0.949697,-169.49222474937764,76.74923014471076
0.943526,-171.4148884724928,75.24230093275693
1.029411,-117.32081861032219,50.867175566145306
0.762146,113.49456613280456,56.657922489276594
1.00257,-170.04799709173813,74.14621200595884
0.958133,-159.08704011858444,68.88363697251906
0.691672,90.79832678652906,51.523910373709946
0.983763,-170.06011854932729,76.96527077767632
0.73039,94.3035495357336,52.91425785942966
0.807259,119.39193774737144,65.63857884201381
0.957542,172.26738967819395,87.56097985268686
1.008613,-171.65866003754346,77.95368175921092
0.750646,106.56856335958751,61.23285757296345
0.740759,99.79496984570395,50.23308310990857
0.998976,103.52280021010706,140.2725680700738
0.738727,110.48917735546905,59.918244102102015
0.725751,92.72325840911627,55.63143994794986
1.008073,86.90632654932719,111.47662783365013
0.732591,106.64378302258162,56.286951842833574
0.755641,94.67979638286937,49.677992867613376
1.092388,91.93478878819101,88.8295828856576
0.754491,91.9050567354272,42.51426211020162
0.682752,100.07656363620647,57.66130870002387
0.897408,72.84853362109499,90.45830931382706
0.949628,76.98669569831218,89.02206471014166
0.745472,100.27214552742892,61.03451937038051
0.895433,155.75287601943273,122.59455066431809
0.929518,163.79980569569608,120.63710785861882
0.789949,114.73011460673962,71.5008632059004
1.156113,148.65564248945702,148.90111075091374
0.978148,95.72122897059516,114.63677417680452
0.890521,65.2749547105257,57.767091262921625
0.847313,156.6544913798632,112.6952383411822
0.845287,126.07162653459162,139.2691118292009
0.879614,161.17418553241524,126.69222544195642
0.988554,66.13964348333627,72.9523842592487
1.027587,103.53507475202414,119.31093307644184
0.838582,123.09307043693448,135.96054306819155
0.924293,165.53640251019414,98.61458901765617
0.982778,91.7784351807492,154.5408389101682
0.975124,131.9905707607928,140.04526819066527
1.07824,91.8175971720632,112.60515406652155
1.082743,94.40390109044755,128.83940623868773
1.100479,99.8181518055858,129.61258809532768
0.770905,103.45273520640671,58.717047734113024
0.721594,93.33982275838952,68.28936604435522
0.718887,91.34068932567297,66.93448870837288
0.775197,100.82416936630399,56.95988424175662
1.149858,93.06448611728803,113.90838737831965
0.772929,100.24153592444615,52.30841513816473
0.709775,92.56098680277321,57.850841724076865
0.992552,88.56106207093588,132.0850301876485
1.046356,120.6876394203228,134.25693450366163
1.029028,72.49341489731604,74.89846607438498
0.844081,97.25271770083658,82.48484350261062
0.868224,81.19451196507114,107.32650737882406
1.109902,84.85510031535242,130.9126073887373
0.757993,110.59668018152537,67.40363544146066
1.100344,116.66055282816373,144.76397191433173
0.76984,106.94289963601702,56.548941404348696
0.777754,105.85092397484918,57.00288202086881
0.714094,103.40485135992762,57.693040952082235
0.692929,-128.72424169179047,121.29229208787719
0.987922,77.44469137605739,138.55466332167444
0.747466,-129.11335650237996,109.17457431391489
0.751887,103.46584552191628,59.759343758919066
0.759208,95.1368507101039,50.227825360644026
0.827291,107.4942873450087,74.75557019908194
0.827521,82.31893506363096,66.10902856111342
0.800157,126.49301825082321,76.0778797367468
0.794969,59.67442815091394,49.87253039976144
0.909202,47.982634296060574,56.39489193135192
1.075978,117.19165284300264,124.60598465590277
0.796315,59.7452763633056,58.13458096142999
0.988278,114.91899061548303,125.60836322076447
1.0799,89.80016572267074,79.73026067311528
1.007308,124.13707620501836,116.76737934653157
1.052374,110.00201623216135,136.2194887054196
0.974357,171.01188926842585,147.27462901272634
0.745871,84.41518610144898,118.43961911171282
0.739972,-138.4945099214005,130.27200716525755
0.889444,119.04776289894491,140.6192408441933
0.837101,176.9500671803947,136.65876416074695
0.726698,-154.75828566712914,131.88353540569847
0.812594,-165.20599382863637,131.53419792626872
1.198157,86.61608650816234,140.7249202636566
1.134569,120.58650046684048,73.26792611776457
1.030465,113.54910187139379,129.03508157051988
1.146286,116.64988694828739,116.5906134419409
1.103513,94.83493068530063,114.74239772761453
1.146698,81.1390459980604,115.35652985116737
1.062169,98.69929503901871,125.46472116245606
0.819025,-133.071529534177,134.18257189780388
1.0791,95.97971056449455,115.26986334139102
1.105595,99.3117737648857,114.13766737842842
0.91831,93.25870814874516,113.98610067067466
0.853479,114.98808744412456,117.13968780283139
0.947334,91.35327016678028,106.20073899639712
0.892215,99.40786641745437,111.43549874723746
0.869707,109.72111968545774,83.8823462856113
0.760206,-92.72359911108342,112.0906142812056
1.008788,109.50159452179544,124.9103705666438
0.975292,100.06579840366533,138.85626854567235
0.832158,86.54673892580502,43.78624664832817
0.901969,137.68912090907068,173.06693214211882
1.096982,100.1718371821485,130.48806812400477
1.057333,117.8552421134479,62.51602013694651
0.99462,98.3464344361409,128.97721658483084
1.022793,92.33332019575883,135.9537884250753
1.009978,83.33289062155139,127.12065420891916
1.013208,92.51775396972505,125.40594161915831
1.005826,88.83506341628242,125.30903481714782
1.000151,102.10919725483318,144.5310953098917
1.026395,119.69352516460118,142.6655021773422
1.037174,120.57598551830536,130.5322997605231
0.950517,-155.67147213339823,173.80453948048267
0.77277,-179.98208425949753,150.05195816336814
1.012618,131.9721645676707,134.0010581532363
0.958891,98.13553375412597,115.57365494171711
0.918092,106.81976521176712,125.63404098140393
1.067538,90.77820409421228,144.41941731085703
0.815861,99.81000908686623,120.55753016640641
0.91076,88.23894817071242,112.39161862057517
0.936432,96.87806522551593,115.82680512713021
0.888454,101.67115813784403,113.8317396072007
0.89644,97.50115324739046,117.3834725212864
1.010142,105.52921901253912,120.10495038668729
0.951659,109.99770405962317,110.51312486742557
0.901878,103.54398240775873,108.93847629403535
1.001411,89.58693764294244,120.88563894204637
0.945457,88.1020241078768,111.84651466225992
0.624703,-118.89290270835343,104.76808851705945
0.925174,93.81381674814794,119.76383675989351
1.10451,100.09535621466678,101.88461531593097
0.712879,99.33850325528377,56.78906467829999
0.806971,-111.6204507401179,119.96334288738112
0.730582,90.38722295987388,48.522147994359536
0.876723,95.4833028548625,108.1825559446655
0.954099,98.6879478014052,114.45771781076353
0.865028,107.26461433237803,101.41874020702714
0.922802,98.80957522364763,109.88262967242432
1.019856,117.7130764441685,68.98838961194417
0.877486,109.12366323251794,78.39345320256857
0.906415,115.11964558511116,103.90582674120729
1.034669,95.53819096342833,131.8954240057931
0.766973,83.9068918629917,64.29213839231255
0.70578,68.557037227286,54.25636281604899
1.051395,96.6874016487264,80.40627955280704
0.823863,86.07702233739347,64.53875577283213
1.057872,79.31206307498967,50.56393132956938
0.814305,78.80801493105008,67.16063465730461
0.984282,93.26457455412701,71.76008269327355
0.769468,-119.12453179695471,141.44105907320932
1.020104,99.15666715336575,70.91149429789678
1.09682,127.55911025550415,76.52322467471835
0.812481,-146.89578568527864,131.2304390299026
0.690254,89.78421539143486,63.90618569251044
1.02207,119.535654005696,164.48718697006439
0.663179,91.12801104072248,59.744862896098866
0.729228,-128.66647303619106,127.0840561605358
0.762975,-133.7537552064307,122.80456549916521
0.958851,100.39191882607527,107.28373022532104
1.106882,108.9339172353924,133.4147370316494
0.984369,119.74790472431677,144.43422385836107
0.950001,100.02874165168386,102.52616426772147
0.891109,96.44020397942073,128.19579635357522
0.882684,104.93338708155534,80.82314672715039
0.782881,114.54612212744546,80.44352382719859
0.797081,131.4130014299281,86.88211282637045
0.89023,112.02027497806873,82.33896359770888
0.811732,129.45665102889814,77.96883652253199
0.813655,104.84796746864455,67.20287922254317
0.75559,92.64164376654466,57.40812279549331
1.117935,91.63832965919332,132.32602327459583
