NM1,NM2,NM3,NM4
0.013251658331724536,0.003968007634884898,0.003102822393451649,0.010768885473048245
0.00880437167670972,0.00298027131638187,0.0017796202598410313,0.0062509069364793685
0.007294781651606166,0.001637284328380905,0.0023507865410457374,0.004405111153315165
0.0039931067160169035,0.0005235160555870341,0.001562842481494135,0.002496059199731608
0.0024030971540975163,0.00031972598866379214,0.0014215691396575459,0.001306342993342992
0.001120016751694014,0.00016763881760246832,0.0008745795812610955,0.0007620414964525618
0.00041200433885737423,0.000910441497015496,0.000514858496182777,0.0002896670175401056
0.0009598036052157156,0.0020925242554426615,0.0006695024383131442,0.00046442255606274596
0.0028803632554464478,0.0051242120250668535,0.0009624443760925946,0.0011560852345325113
0.0031987530438474456,0.0048504456458584744,0.0021542639918098842,0.002585580930956608
0.005270450443943719,0.0038109775112087985,0.0029190993957444464,0.0028922756502489056
0.005089031906414435,0.002448944505561583,0.0038382696926381053,0.003581191735438548
0.009086472817062227,0.003546224148422783,0.004955495999585308,0.005842711568473574
0.009817683370555667,0.005646134022567138,0.005561427941303224,0.007258800250774211
0.0013495148531750439,0.011321449938604887,0.0020328110467785305,0.004867621766372541
0.001738301877222652,0.011389445673422859,0.003631880966446785,0.0018443479557765962
0.0007409277081821572,0.00679772315941456,0.0037683824983594087,0.0024296103195814316
0.000397797667796195,0.005427289050459786,0.003186294246487745,0.0012322973921030645
0.00033653683171544675,0.004110821196511058,0.002876964603773214,0.0006650003910237755
0.0007818546532566695,0.0026589107375688888,0.0023108363795463945,0.0008984625313792664
0.0018105004144004435,0.0032073266919037113,0.0033346663412091005,0.0021492385253541048
0.000896423597871319,0.0039909044077965,0.0035279125493007106,0.0016014402096657739
0.0009398262567261217,0.0026648550475260407,0.002875382528873446,0.0012487382085295845
0.0021138588723980346,0.0016156672080238018,0.002554489248967957,0.002229638904543571
0.002737852692189433,0.0027696416782384426,0.003549776168751663,0.00327275997974982
0.0027150253511551677,0.0023303063887876716,0.0034140544061813977,0.003008461180585021
0.0035449245690978163,0.001068560884492884,0.002294191700078988,0.0030272265884512817
0.006410466502982216,0.000862125108607513,0.004085782511726013,0.005533001870859722
0.008004852925051766,0.0015166709644526153,0.003786271409386129,0.007601973908480498
0.007105174971110747,0.0018465723175997493,0.0033088415296761466,0.006771108107438575
0.009509248901390596,0.0011032728448803267,0.003210084774716909,0.00694317629504172
0.009750045783074932,0.0006263548845034801,0.004248263562056498,0.0057279009857603355
0.0061082159708126214,9.399287125024726e-05,0.0033363445316949548,0.0036032368337261863
0.004769725642239755,0.00032027941091058185,0.0032257866572987996,0.002107283328190322
0.003196587988754322,0.000621911094814911,0.0022479996657572446,0.0013306095434725818
0.002492305804825668,0.0022386169447689173,0.0022399921004977934,0.0005003898280291223
0.003337399482444155,0.0037067246670666673,0.0014827714194520722,0.00085789403254893
0.0029820523149926247,0.006177783715109171,0.0006937539571964019,0.0006795057482416593
0.00596325620277788,0.010518835617240718,0.00028151832266044944,0.001380638916588104
0.009480790185019709,0.014025979322550345,0.0012803860490846078,0.0035627075007900666
0.013069413368765855,0.021219867905613428,0.0017189478754179905,0.0069587718172490045
0.021746198923018347,0.03070417125144391,0.0032019807927073,0.01710363835727119
0.023386798540348176,0.03438687961629414,0.0011671626719719462,0.02138642363533499
0.023589743293681863,0.027079635030800773,0.0023172060162341516,0.01564112912892846
0.03585405038444099,0.034128761096810976,0.005433699086956215,0.027780818721338925
0.04741891690406895,0.047637025615735816,0.005544036181740217,0.05575359579863227
0.04121114231607979,0.04113113200081945,0.005473308174294337,0.05102978275289766
0.041321122697054236,0.02426135795094998,0.007638887868929484,0.026490677806621534
0.023310740052733276,0.02253051333106942,0.005541866487059929,0.014277100935033643
0.013617443545917547,0.010794983453819641,0.006092094779530903,0.01126811468125659
0.01654573121884399,0.012112946396239627,0.0058680106238167395,0.006354646813531348
0.026703935302758657,0.018420482652437405,0.008583516170537186,0.008615112107756595
0.030185532350474935,0.01471827005371719,0.012226234497182692,0.0069987661092532835
0.021781639345357363,0.00959822959688702,0.009046580379521517,0.00434772071289967
0.025005151531162093,0.014573135887046043,0.009035728532502627,0.0038705817668425978
0.03032922298975733,0.014927498002226862,0.015487962305768977,0.0035489971125709863
0.02200391593545637,0.009647607893786284,0.013062663920244327,0.0015636311369298095
0.015372685223758292,0.011512961006737318,0.008296833508291612,0.001384024468579045
0.010730306508248324,0.01151295133570681,0.00844522558236737,0.00059939059328472
0.014581894329996408,0.008437585259083587,0.011487370974119535,0.00019985048824711535
0.013434963855959268,0.004230914596009312,0.010139170245592154,0.0008852279135687185
0.016714444020140357,0.002592350209491865,0.012464043607711613,0.002684345346519939
0.014090910210710074,0.0003773654361139129,0.010166385231366764,0.005485695408721864
0.010913311202630806,0.001068372967486683,0.008612641056794212,0.006407868195387313
0.008465809963897652,0.002118428179246436,0.009537717188819739,0.0084316098502075
0.011702988844177559,0.00040239758909595775,0.008937064363963278,0.009673889972639023
0.007750943194646496,0.00021100483577727257,0.0054651382523447966,0.004763474854617415
0.009169180844624493,0.0006476363343351782,0.006502943716649638,0.0032127064840112712
0.007776292894773165,0.0014909208290336661,0.00510893668832394,0.0018692475819353505
0.007148326850064233,0.0038664694361199357,0.005349899874194094,0.0007041354466570222
0.007866597352774578,0.006285493523371509,0.0040159960742947335,0.0010261338767603816
0.0056285530967779005,0.009273685429420295,0.0035442904603024813,0.0008706581663091434
0.009218400539928947,0.015602750764307446,0.0039340913926380824,0.003233267905698135
0.007245916352337375,0.02149115271115814,0.00338501467783962,0.005645617241687726
0.011650341506491177,0.03208308780913831,0.0032596678232964995,0.01346634601303318
0.01205543178032079,0.02874130765014853,0.0008851528421284619,0.00942541681951639
0.009360204177325405,0.01997137138373494,0.00033309146092661376,0.003375449916711708
0.012168662756950862,0.016999327650908714,0.0008301316835273724,0.0009289623422422948
0.020100494065101893,0.016560805406962364,0.0018054641451650296,0.0010728830621183985
0.02823318982567003,0.017286878548296223,0.005604497662094229,0.0023673357289368917
0.04747978720727379,0.02896885906580148,0.01088963994807532,0.008678487627668909
0.06098098478478866,0.027520372385501694,0.021697254874609186,0.02683795264779544
0.08599069154203427,0.03897141091688953,0.03162550299305933,0.0514779360361109
0.08120434530298151,0.030730789073140096,0.03845383812935309,0.03712891323255628
0.11457970833389321,0.04238404712299923,0.04924990316627964,0.11354753978768208
0.0704412150660843,0.03672051185507021,0.02466591768814142,0.01937325648735764
0.05075492828389525,0.0222947714992958,0.020071340252864864,0.00974967605982895
0.05241981813553846,0.026297279227996517,0.02449307138977056,0.010340274953536354
0.040803520759365386,0.032213162522067566,0.015491389849902514,0.0013270383372269872
0.02708407936358419,0.020574724000454542,0.007880392574063646,0.00048054951947667027
0.023884017809619455,0.015273382475007218,0.009999323430860161,0.0018549777906852309
0.021942778531569507,0.023875145510305215,0.012074979131579363,0.0019018560231729507
0.012535095381171556,0.02185111693297292,0.005437028384535948,0.001279706370745631
0.00862437671506955,0.01234664613017344,0.0034467529496065917,0.0006297259312335494
0.009020529362713962,0.013746934777912077,0.006866315307568256,0.001300484877766979
0.004970582047976507,0.019753132639974184,0.007678778927585769,0.0033080319778069326
0.002457419938690787,0.014214428293031251,0.0034235100310617554,0.001968364005021889
0.0017985905754860667,0.009689165076450052,0.003608948951186788,0.0009279087168070312
0.002016094872906208,0.01529740179813699,0.007968343998358033,0.0024460690161486206
0.0001677115528017959,0.017317331068648748,0.007700410532760597,0.002900363772536102
8.153626925682777e-05,0.011615429407674294,0.005442643722968674,0.0008874340520510986
0.0014692929919821324,0.013153503205283464,0.0074847630893533565,0.0008160833003659646
0.0029939478664408846,0.01317639164355305,0.010336959611132034,0.00024892386575184236
0.004381531429258815,0.008404012373970092,0.008016234891803312,5.384738324478453e-05
0.0017683607544977512,0.0057270219185055,0.004409537595653485,6.12587338305485e-05
0.0022006839336632987,0.007974887059695398,0.005834025010091457,0.0003895109172786946
0.005051646972472947,0.007976992941536911,0.007263910720218489,0.0009244659620759842
0.004334837789237204,0.003840890275040733,0.0045573926128967684,0.0010280802538129303
0.002917470553050233,0.0038937129520006594,0.0030081099699398365,0.0009996835097065737
0.005644432198380142,0.007109799361049296,0.0045793061370184435,0.0021667695675328426
0.0076663622658256535,0.005305769318907097,0.004544071997615168,0.0029184273031769865
0.0054931640963593875,0.0029401352043013484,0.002204141099783531,0.0027626476421589094
0.006356524399051973,0.0034495201499824073,0.0011573547646791596,0.003823387399257454
0.003486653463003422,0.001378599532481398,0.00047293032938229985,0.002173145145917819
0.0015982006342173441,0.000426272367497316,0.0003765992572024698,0.0010081539186147558
0.0005391316865775887,0.0001077932405478383,0.0003199433526500374,0.0005444044423518695
4.392193706315488e-05,0.0002175678103974224,0.00017382559319123591,0.00015313224153383552
0.00018757010245312996,0.0011884184310991832,0.0007103098920220015,0.00012531658029900158
0.0009247466959612098,0.0019253689854802102,0.0008370207316381713,9.733668819500099e-05
0.002427744796333355,0.0030848880232618183,0.0005867333811045185,2.6726307709166098e-05
0.0030451400210521153,0.003663351234132491,0.00012788414567277052,1.4645217520217256e-05
0.0006775587848145291,0.0015669364534438102,9.166145670803875e-05,5.240235347683613e-06
0.0016192711536026118,0.0007999978071140519,0.0003073486539380124,4.0580144317435146e-05
0.0024244453991747097,0.002973412990032794,0.0010238934563691275,0.00010800514237262478
0.0007823204622421065,0.0027821845126283053,0.0011310321640205872,0.00011318538766575043
0.0015949939109815737,0.0012134983098041458,0.0008554515268155518,0.0002996264609089552
0.003523037891999213,0.0030991963211268216,0.002326341979651827,0.0007221052242482427
0.001981752526080222,0.00539684939458056,0.0031077551147468702,0.0007686097786860958
0.001957444127131028,0.0035057040468469093,0.0018518136531684133,0.0008079633009524705
0.004326468260020458,0.0044511249185661605,0.0022807267467927234,0.0016701348401604228
0.005248408366434313,0.008422828523093572,0.005148822483990742,0.002655642458116035
0.004381865202086632,0.008783515453535052,0.0050588719663549634,0.0020065355647829507
0.005851799357929236,0.007081536011097225,0.003247203550084245,0.0028018669780916867
0.007589275224381449,0.007548195039535414,0.002587925012897137,0.003664114335175356
0.009380739289977716,0.008117295923137379,0.0017430220209764568,0.004853129869587153
0.005596371858162458,0.004045879537501202,0.0008553215926126492,0.003115769567925237
0.004168155946301745,0.002428562162721032,0.00014089691985182131,0.002062836189138997
0.002092863366247113,0.0009108555381836468,0.00012674504685195091,0.0009202968943240588
0.0009555325613989559,0.000634521153443957,0.00030036226243337384,0.00047499587088345923
0.0003207230308307494,0.0005926552873676593,0.0004974419146999119,0.00014062568803017083
6.143649290794805e-05,0.001651121131409489,0.0012109926424736725,0.00010434807890108303
0.00022043083043445935,0.0028947922855510387,0.0015949029866132464,0.00010196884987818326
0.0004243162380781545,0.004060663071476431,0.0020286292626890607,0.0002867619184453999
0.0011011202382643472,0.005136379346104822,0.0020527439720617047,0.00044584163734172626
0.0015154188780367843,0.0055824185023530225,0.00170247384667104,0.000342582098497179
0.0036806971558103483,0.00429442379962113,0.001355302608615084,0.00023802842137954488
0.0049388072008333065,0.0076601667266802086,0.001535132485438083,0.00023832182189086542
0.002423013647074652,0.009323290479155113,0.001809346398775665,0.000899531628779885
0.005085113182654943,0.006836404521470407,0.003229046569742866,0.0005393125322971214
0.013550767070879018,0.009341254582756732,0.004725379807292587,0.0007005351911915872
0.011165092053952864,0.0075946133779122,0.0028981379433468133,0.0003114339458556554
0.016510874747087637,0.008694627312836378,0.0038282787588503637,0.0003889958015986069
0.01915733777266411,0.005669130388672113,0.005623433401016082,0.001054870927769744
0.015248541861947709,0.004316056941337715,0.004236714768878056,0.0008499265253188231
0.007700454048392105,0.002514874342278475,0.001691689353286463,0.00010060977341441725
0.00855304462861055,0.0019329810557360517,0.00248235378041866,8.37930297105651e-05
0.012382572863393698,0.0006108346235063712,0.0035221093121460528,0.00015627347116733094
0.008641009817467463,0.0008682441768421017,0.0025631208343760304,0.00012048803797351622
0.004430792821707221,0.00027405313330703036,0.0013566943698981643,7.720240906758988e-05
0.007434029901759992,0.0003686311802123173,0.002576956494827701,0.00013525079294593041
0.010087482730671789,0.00016085467486163065,0.003608172828194888,0.00020910741942996013
0.006172210220510049,0.00027393632471495963,0.002025788914622261,0.0002560863845694856
0.004213885921140491,0.0004310928168687657,0.001428120485736503,0.0002458881803534203
0.006485459018949533,0.0014608550812388306,0.0020345248734371306,0.0005507270904305145
0.006646104298636511,0.001555348777186943,0.0016245785111234118,0.0008245294125918861
0.0033326310655204462,0.0010321351836872223,0.0007203919380637119,0.0005604694695930016
0.0034227567074999084,0.0023116918409825877,0.000608800695985126,0.000836665658201208
0.0015170457699729592,0.0018951964029170038,0.0009823503414898615,0.0004027266767107991
0.0006882764381516943,0.0019077178876250912,0.0013519268708127698,0.00014049875752296807
0.00016843378528171363,0.0027828320756490207,0.0019855212540897966,5.718907181174406e-05
9.648389373540741e-05,0.004241771948423854,0.0024087787920391724,0.00012496329783191228
0.0004786787321747061,0.0049098020433356645,0.0025834024183757783,0.00035755192816142294
0.0010728176738210439,0.0061148063128744125,0.002581517647693851,0.0005807515392477337
0.0005225569414033823,0.007094163393177566,0.0037816998370031707,0.0004955114021074046
0.0014089812669946307,0.00845816479009771,0.0024837232561327194,0.0007332596490012139
0.0003127356710094171,0.007276269213436207,0.002253030433844302,0.0004675404107332184
0.00025788600920060667,0.006833934236526269,0.0031763494308994864,0.0004441609747708869
0.0007493405601862889,0.008753535451161091,0.004138154992483255,0.0008073716192289696
0.002199398570743513,0.005889960526945735,0.002947129343115061,0.0003717070233043721
0.0020745789121481475,0.0036540317011235475,0.002438444840864899,0.00024467810769869243
0.005242066544317761,0.0023551069370052998,0.0031766067117318763,0.0004003472436204525
0.004257977877542184,0.002868517604297391,0.0030180219128292034,0.0005453907012766876
0.00310651034594305,0.005233838591070853,0.004176976149261364,0.000782138261661975
0.004076134895762041,0.006316446678589639,0.003793520247450079,0.0009592303813175397
0.002549083763702047,0.0037954536203610467,0.002247763143386276,0.0005688584849474961
0.0011437781545800146,0.0042328466953999505,0.0028442840295686417,0.00032987474977764825
0.0004672307842571633,0.004967115759127443,0.0034602250062350007,0.00020868003779398955
0.00018289489098464383,0.005501281906098429,0.003568275806139531,0.00015637691385136945
0.00027711896616822466,0.0043220621458351675,0.003458495493107331,7.723106709592053e-05
0.0006143323896346689,0.004637260425002528,0.0031888526196677054,0.00038111221510448345
0.0003879508525199918,0.004331195055196979,0.003407275026294391,0.0004127941705879218
0.00039831449223140617,0.0041113112103675475,0.003552575977460836,0.00046276431301014434
0.0012846487190681217,0.004314821923123502,0.0022698284368455396,0.0010654589530896686
0.0022155859071346074,0.004976582880899459,0.002523396166868248,0.0011460115825673628
0.004276513470953188,0.0038108440037606384,0.0039214733750264725,0.0018696887331021322
0.010757491031687133,0.00582496531418205,0.002038657162706653,0.003163591840750577
0.00950974337102689,0.004340164529149813,0.0014001183555154414,0.0025850978388323276
0.017073721049955914,0.004126755762324698,0.0015641938902289522,0.003249140555481763
0.024428778517470703,0.008550311243996024,0.0040988828780004006,0.004832437353820826
0.017503442823096918,0.006221592333827692,0.00500522822282344,0.0029857774817200226
0.016173801339801168,0.0030405022699578326,0.003645681806832632,0.0023928158415666002
0.027907246683110457,0.004380186232706841,0.007485779931395785,0.003503192168683639
0.035010725968371924,0.003963325688051444,0.014498818715298544,0.0040265396063013156
0.02734654307924332,0.0007562453546008248,0.012389821598535754,0.0021955429130005883
0.026671339484634474,0.0002878331500343163,0.012556981518854909,0.002186546171708472
0.025520049668187862,0.0020059104459446524,0.016897714182634357,0.0015163036558796476
0.03755464423989207,0.0059658894398024265,0.035661246897046917,0.0017707590675948852
0.0343219778031848,0.012624068320790412,0.041869347676499885,0.0012846573593367247
0.016564021950486684,0.01459160589915827,0.02413751136553124,0.001064524970047771
0.0071419300423694685,0.011177956838758963,0.01245960742909653,0.0004633799451098419
0.006584620567178922,0.0060752698488073225,0.007137854973692597,0.000504539051817678
0.0026050414803058318,0.0045191522951103175,0.0030313185766011287,0.00035737120983307555
0.0034982922904299367,0.0024720949471970966,0.0013519245289125188,0.0007167381350920397
0.0039167847399732905,0.003946975000127855,0.0006252908595937702,0.0009092543989940563
0.005326106811877946,0.00399119032456411,0.0013111678080053699,0.001453204573072092
0.007328056726689017,0.007120140607014636,0.0025228015396151823,0.0016374304296627265
0.01295687088292061,0.011183820448667763,0.004246851774332317,0.0018731950054561696
0.008372056414273835,0.009344083537069961,0.003971067439535431,0.0014112136107854775
0.01714981317651114,0.014020265747269884,0.004719695470671827,0.001420952365685453
0.017531683929705853,0.01628149576293594,0.0029731199479693924,0.0013740543303576427
0.020620796414657874,0.018386414940089926,0.002065739922195673,0.00079382709876759
0.024162943562385922,0.02324472216454276,0.001217677826226127,0.0010446800306870164
0.026540285580882783,0.026394827476085264,0.0009042069444945061,0.0005888704287477818
0.014943404235911988,0.017284304242711233,0.0005369430831822585,0.00026718913421449746
0.013182325084554948,0.018756138934282553,0.0001838874699680979,0.0007222550943442659
0.021754900961175334,0.031196404974912988,0.00020464201179599235,0.0015070432309653064
0.016247092900507694,0.029307951582141653,0.0012748631985035831,0.001103507366773354
0.007467841909781341,0.020824676239184298,0.0018806426096861536,0.0007817331060744435
0.009655303011161097,0.025204481996182946,0.0027546991525871736,0.001707698414044199
0.011957154969734271,0.037177593362331625,0.003906162767564527,0.0028215827538654666
0.006007269113650593,0.032888127877529726,0.00640482448071298,0.002207768045193381
0.0022945317843624715,0.02620867377538526,0.00781387432239064,0.001728986540877452
0.0061427422813090955,0.03213143808333352,0.010586712210202062,0.0032431567709801192
0.0046908417241383945,0.02621961861299369,0.015258582048807926,0.0023774297954317885
0.003996303724583601,0.016335492182705136,0.008688511666334508,0.0010871665698794373
0.00938319510513566,0.01257273508720693,0.007666696060455695,0.0014439891821229783
0.007921573465248756,0.009870057089658824,0.0032783231389545025,0.0010426474278465061
0.011370212371085292,0.006003616417607343,0.003607475047573299,0.0014886458131404307
0.012359034984222052,0.008265895708459087,0.0023469327921443912,0.0016504147380840808
0.013587443800893934,0.006790835096097119,0.003513443914975231,0.0020560450765923343
0.016186030406931423,0.009220644628005117,0.0042243550788741025,0.0019102489527656017
0.017280092581807134,0.013686099576939696,0.003953737962635351,0.0021255122309813694
0.025493918260305184,0.01484157778782278,0.006310752712271876,0.0036325347901721996
0.037021325449177675,0.029882329529331904,0.007990399797332912,0.004238345851747972
0.04350796018858473,0.03038535426165775,0.008888423498719196,0.00462472595092947
0.044684798924822466,0.031085256351977616,0.006882594415083002,0.004114338879785951
0.04373996064831923,0.038362189473999976,0.004039374450093754,0.003512840480955969
0.05678916917043181,0.05332589918999193,0.004615171714555685,0.0055772583161179745
0.040336018061289634,0.04697068947937124,0.0011379826585034068,0.003799927050460469
0.02813188456923149,0.03383619445091058,0.0019735363601709566,0.0029953799279090923
0.0237842590199814,0.0357792677381944,0.00407456288556459,0.003899175883120949
0.028760193265783565,0.03307988437569783,0.008971394338175587,0.005371585301058395
0.017274373018511584,0.022793362738047048,0.008083379386670902,0.003176865682541089
0.01837636783392369,0.018023513616149667,0.00462086175530733,0.0023793951775069808
0.024644453916017956,0.012598351560623031,0.0067647050140653715,0.002800610476664219
0.027643422565147634,0.013985651120299513,0.006091899084635086,0.0031034623744448674
0.028405628570367637,0.0097301902070369,0.007315685810589293,0.002943793584782611
0.03152706312280591,0.011167148250555165,0.008041846162461229,0.002718302252291635
0.019923606266000402,0.008920683093890292,0.0034539535481618,0.0020772211253899885
0.017659756532188077,0.006856194250087697,0.003007706538989531,0.0025747654785527848
0.012376697598485163,0.008733054652540435,0.001908627030082573,0.001626309852158776
0.0065148616472078,0.0064451291901820446,0.0017770922821459918,0.0010008477946023629
0.010441939135508397,0.006366646930376607,0.003024894454448891,0.0015988949588102198
0.016434664100874744,0.004689642259144194,0.005019524822000961,0.002783857394818977
0.009983620575370581,0.0027794029191532768,0.0028426306952574975,0.0020742475605662848
0.008627100227877466,0.0022267239422208446,0.0025138742573637806,0.001788282891613306
0.014103032344613301,0.00114539142341895,0.004656049259090551,0.0018499433887935398
0.010515575680777833,0.0005016475429495649,0.003980529977862958,0.0015340596591361536
0.005184795511698685,0.00029863889188309835,0.0016987063902965194,0.0012065805923394885
0.008980680573404754,0.0005433486665605135,0.002225410258088363,0.0013801798140103834
0.012339069667036682,0.0008723115549112435,0.005311029626419005,0.0009761269600631881
0.006199825582889814,0.0014538124485958968,0.0042567220112350234,0.000517267669141412
0.004394005099612201,0.004002185475931275,0.005760684253745669,0.00013770633239587019
0.0009705804108167537,0.0024782139636210666,0.00272240955860678,0.0002077492051706748
0.0001417791456048947,0.0013083381408447437,0.000690429522912347,0.00044363768201132424
0.0011300096503060097,0.002996118017067795,0.00019674401779747668,0.0003972994958968395
0.002991722967946334,0.003586274376682059,0.0005566808716447117,0.0007276246431811581
0.008262386485275016,0.00780664133993975,0.0009273956444905188,0.0005220748262834587
0.011978823890225232,0.009528076720306885,0.0027490447870826907,0.0008451993861031766
0.022127537104342385,0.015759393629188254,0.0043566545700503235,0.0006940822619685845
0.026107138804969933,0.010634020684175056,0.007002475513467249,0.0011114154522197728
0.025697259684322203,0.005576902888439316,0.006905719287161878,0.0013735525202651705
0.029438835690355956,0.005806317112401165,0.006318831075748838,0.0020839607869503804
0.015624756605478105,0.0065145481950196005,0.004043868135583938,0.0022574945193340715
0.006237217409935056,0.00872425501937206,0.0015599738581874019,0.001625267819199429
0.007865563814778997,0.006966827803894291,0.001473155203280766,0.0013866569584789826
0.0034158838764355125,0.007586613639870022,0.0017964547623452562,0.0013029526732022492
0.00473563757615443,0.005185423185376242,0.0027248208121884183,0.0018108082828156246
0.005495673403250406,0.002599469100244548,0.00200148878773476,0.001624391045941963
0.003106471605678847,0.003950340170233082,0.002210790066356846,0.0014322937848402237
0.0014152292655901391,0.00501299520083412,0.002604159286655767,0.0013372367835856654
0.001166510458929751,0.003716519407052161,0.0022844196661838973,0.001541371398496045
0.0001286785197028076,0.0038206742251513017,0.001986846731304737,0.0014383730277444417
0.00028436795243579017,0.0024565482679540936,0.0009235234145826154,0.0013861315818493223
0.00039374410457359524,0.001191908789936348,0.0006032777079524135,0.0013952202007130204
0.000667768861741151,0.0019354375063372609,0.0008380821890483143,0.0015338656885873665
0.0009222981510909663,0.001706039607108626,0.0003809557222443783,0.0014059491915653399
0.0011519436084493609,0.0003513356762409786,8.92518922733811e-05,0.0012918711848262363
0.0032016587951641034,0.0006130507132622809,0.00014804673090721364,0.0016108111356246493
0.004748728942603312,0.001510780703643409,5.956577592601189e-05,0.0019509330574412707
0.007353705493314339,0.0011830616175768486,0.0005981852403588903,0.0017365087335065102
0.007668609612674901,0.0014708032231691094,0.0010680889480334677,0.0014025424517984469
0.0038382888163112057,0.0007735949928558736,0.0015005117769340969,0.0008716828947407276
0.003239964195459703,0.0015388606518666995,0.00212081397616626,0.0005787116545285227
0.0013149248614914538,0.0010181405767519575,0.0010494332096853732,0.0005321129214080219
0.0026889145730618334,0.0029004306945436967,0.0015254712737770792,0.00027360636971432135
0.005685313220782246,0.0025211581573339106,0.0015865749321137114,0.0005381570172651642
0.013146671049683971,0.003682468186098358,0.0035660817850279207,0.0006359348435646843
0.01910787328404976,0.001628448138572875,0.005327552005534232,0.0009405954327072071
0.018795889485974583,0.001690674971692802,0.004852902174445731,0.001331491635301002
0.009903987115364872,0.0014540893305046978,0.002700095718392931,0.0013804368990677095
0.010843979049064137,0.00020111052705886764,0.00270221764709714,0.0012236177167419297
0.013666042711173809,0.0007151679195713913,0.00222556097024312,0.00123503484400891
0.014243252677061105,0.0009249795805365876,0.0012894674179706638,0.0012072189284124545
0.0113408032365921,0.0005958006314840071,0.0017278420386472708,0.001437480527918535
0.013755273750293054,0.0015673810436455436,0.003998126168416627,0.0015416464083063694
0.008674220657944733,0.0017628787746295162,0.0031473250237471426,0.0010311479368508862
0.006763683937897458,0.0008588322316449877,0.00248702013893854,0.0008832284305407883
0.008757061745161556,0.002913506337954905,0.004424731643115738,0.0006406119518417197
0.013389675679609437,0.002752875371803556,0.004674072975569958,0.0006289576405491244
0.01667071959321699,0.006492456639445436,0.0052915568988811295,0.0004025902029638193
0.026490106991753873,0.00924596123298502,0.007144360613744453,0.0004089466725335842
0.025266780343842166,0.013197970490372324,0.004930810158081413,0.00015154915260203846
0.034850291960869716,0.022886699992909543,0.0055281363039772,8.363147737689447e-05
0.03257212665306467,0.022418057790816577,0.007705928751784797,0.00040019740452457554
0.023298112547931647,0.026298918899176453,0.005572645235676746,0.000787169179654293
0.022560070165004158,0.02625831679607106,0.01028103186412819,0.0014898296097544817
0.02031501261688405,0.015310605768852693,0.008424797794333826,0.0007548769985823351
0.01165631523981423,0.014206713982445402,0.004141609098220957,0.00026615632751662003
0.008210153587259069,0.01936217091312149,0.006751945112237626,0.0008620969670919283
0.011507409480596437,0.016597840959620094,0.010284830074107465,0.0011843721586353524
0.008030774391537187,0.009190674350511744,0.0060097606731509354,0.00039301375605314283
0.0024788832280704907,0.01053549298241496,0.005270318799755308,0.0002507735161028019
0.0041194269160860905,0.015811366553444003,0.010837178943959537,0.0009116313463277658
0.007929125413462109,0.010863856539333732,0.010139410081235273,0.0007307326045964542
0.003605078957391849,0.006403986474012252,0.005957987406417741,0.0002730395028158392
0.002907679070586201,0.010358088262226624,0.009208451015278889,0.00024871341003125517
0.009367283165631308,0.012998439793557602,0.015232871334988768,0.0006276035492753795
0.010583433160897939,0.00763702315143704,0.00906979692517136,0.0005656434511812718
0.015704545703850548,0.007653121390166296,0.00912756967100855,0.0007007403860431906
0.013369067123515137,0.004463025672292627,0.005055698249234003,0.0009353549361568417
0.017878343789991785,0.004670617206704349,0.0037368234587760096,0.0016895442528186066
0.014453163064489823,0.002612373839414864,0.001135589816367289,0.0019602457238569247
0.015126302731369314,0.002472272956543682,0.0017007919400108763,0.0018307033271903347
0.008371469019732949,0.0015279823773174295,0.0006800245940714264,0.001608145277515416
0.006312817341937355,0.0019170750989117896,0.001433519425456053,0.0014497693056957366
0.0033245103342379023,0.002530452042085341,0.0019497586596916435,0.0013913737642554374
0.001699892420153653,0.0029331302943308413,0.0038670239703013317,0.0007544650506088662
0.001506238341507804,0.0034600297573308793,0.0038199026030842384,0.0007331435759728386
0.000311642404999434,0.004021700849532691,0.004298691008246138,0.000414096991504419
0.0005902281152736088,0.0026468820701277536,0.005023492823935447,0.0005889421900225818
0.00017468495416429427,0.0028410360115043477,0.005382151319078191,6.1575229376703e-05
0.0002125801605645925,0.0031493734456748096,0.00416105110416673,6.110940815128984e-05
0.0007105650256967919,0.002541587165801964,0.003208510096754524,0.0005361848282554836
0.001062698362760269,0.0025331115413816025,0.0034855603531648545,0.0005869037179838781
0.0004861377685943028,0.0030772880739558584,0.003694773245628818,0.00023594757091794272
0.0005062890777499641,0.002485132938729881,0.002356239372973505,0.00023476531033444562
0.0015261617090019802,0.001968097425197901,0.0014750767045723424,0.000846488324693762
0.002007709542220182,0.0036916227807549115,0.0022443270260476167,0.0009310437940440038
0.0007906746148312201,0.004474586580204557,0.0035271701619987777,0.0003285589352555084
