,res,R1,R1_err,R2,R2_err,NOE,NOE_err,S2
0,1.0,,,,,,,
1,2.0,,,,,,,
2,3.0,,,,,,,
3,4.0,,,,,,,
4,5.0,,,,,,,
5,6.0,,,,,,,
6,7.0,,,,,,,
7,8.0,0.8216869197473456,0.0255082949832839,21.632523591387475,1.4277757820253825,1.0249278043224512,0.1232915032395614,0.8673347367657954
8,9.0,0.8486671078202022,0.0053873973462971,17.00950973676328,0.1869281545239754,0.8512673894913241,0.0240573674990495,0.674183896380322
9,10.0,,,,,,,
10,11.0,0.8464619311834299,0.0146443055993376,21.31150510105363,0.8177379019781345,0.8729841858302384,0.0624675429919776,0.8465099503873702
11,12.0,,,,,,,
12,13.0,,,,,,,
13,14.0,,,,,,,
14,15.0,0.892253574017451,0.0090855390013955,24.97274126712525,0.6533753629740391,0.8355527380230273,0.0430711588494489,0.9899446531317843
15,16.0,0.8592388916089512,0.0094912021877574,24.727434369308604,0.5757388317134673,0.9189647254770292,0.042375176415741,0.984917597941056
16,17.0,,,,,,,
17,18.0,0.8100199352331118,0.0062852422355157,16.12188736550755,0.2254009061699914,0.8493829896590237,0.0292191681592502,0.6388878857924672
18,19.0,,,,,,,
19,20.0,0.9747221120296816,0.0064115597986022,15.680456288451776,0.1593598111777381,0.4915261606461123,0.0218807360250412,0.5984296832074112
20,21.0,0.9183591962198598,0.0092784385663815,17.728088512055766,0.2540336477965341,0.6226316324104596,0.0282626575015263,0.6890846110305053
21,22.0,0.9821410881349592,0.0052841615497341,13.890787326251877,0.1003473053078584,0.6095239577928374,0.0169120540851365,0.5344823214181711
22,23.0,1.0105200387552795,0.0067050936937897,16.15018484482868,0.1281632530937177,0.6328996013156349,0.021671094893503,0.6253576250054821
23,24.0,1.0024234849280331,0.0032512797475065,16.83682918987328,0.0958195249166625,0.5471017842595919,0.0126307930518389,0.6472881325378511
24,25.0,0.9598727782168944,0.003325225874778,16.638536125326752,0.0972866263423332,0.6628049964662508,0.01272525355002,0.6474860416737616
25,26.0,0.7801332710316574,0.00779826272308,17.98193437449712,0.3328843070691976,0.747750617626182,0.0359505129783742,0.7078831006845053
26,27.0,,,,,,,
27,28.0,,,,,,,
28,29.0,,,,,,,
29,30.0,,,,,,,
30,31.0,0.924864020330028,0.0057716403067599,9.32644318465836,0.0958072925603778,0.6919451097943558,0.0211854803997652,0.35885722153884314
31,32.0,0.8588149401706116,0.0067076149168734,20.873944870886945,0.4945427502171071,0.8296110695385143,0.0314890096864166,0.8266926198664226
32,33.0,0.7943472734625018,0.0063918376714917,22.417567386209832,0.4487131098352881,0.8520238675284669,0.0352277213247907,0.8895210705324215
33,34.0,0.8811254640984658,0.0052822881311771,22.18595436485431,0.2789473594732575,0.8314735373077994,0.0250419716219988,0.8788953690075897
34,35.0,,,,,,,
35,36.0,0.8959469557926459,0.0080602611838188,20.766240757489616,0.5392278375257447,0.8276476266269703,0.0320311849157947,0.8221350062788639
36,37.0,,,,,,,
37,38.0,1.3118673698846943,0.0276256164853461,4.942743786905413,0.0927862958582005,0.2527335821116243,0.0599931002622023,0.1423825322409109
38,39.0,0.8210614077464872,0.0077361545042523,19.923801142170657,0.6572357140868696,0.8775237751945913,0.0407611760383275,0.7915832402640919
39,40.0,0.8739084111102811,0.0084866942311687,21.37543972257675,0.5983707798724625,0.8190099803644676,0.0351732168672873,0.8459828777550352
40,41.0,0.8665510536639656,0.0060795395951865,19.808618068569388,0.5004551660804075,0.8300292585723544,0.0287014234721463,0.7843023781831338
41,42.0,0.903698400017919,0.0056276716292232,23.06048710074398,0.3146859126703297,0.7907370496753519,0.0243227095229836,0.9112271643856481
42,43.0,0.9068496162905554,0.0064389644671579,20.282847397706327,0.5375066348576751,0.778873981793195,0.0264765356850465,0.8000166160986452
43,44.0,0.8592981854874236,0.0091360964136054,24.999777929378546,0.5492118135344232,0.8610011127826319,0.0354144080080391,0.9925537974872298
44,45.0,0.8748323493750296,0.0088339283383694,20.717464050791097,0.5223732893728996,0.8992011254578558,0.0436509863493065,0.8243075569142074
45,46.0,0.8311434409576163,0.0084840203307391,18.096268430722187,0.3393425047887701,0.8969410827482533,0.0404666497410279,0.7199052657286097
46,47.0,0.8112577768679549,0.0097986068756878,21.350117881688043,0.6493784535816544,0.9400430670711856,0.0494864738860724,0.8515928009406013
47,48.0,,,,,,,
48,49.0,,,,,,,
49,50.0,,,,,,,
50,51.0,,,,,,,
51,52.0,,,,,,,
52,53.0,,,,,,,
53,54.0,0.9505957666021708,0.0079161771186015,7.257125825668705,0.0728574824143246,0.7758374360524388,0.0341922962740881,0.28131905085085307
54,55.0,0.8541902251673335,0.0073979159986453,22.523689887784364,0.5010030445333351,0.8923355593371518,0.0375046256779566,0.8957819032943942
55,56.0,0.8113033340299718,0.014570370350883,19.89037685817832,0.7455078291741907,0.8066392419174926,0.0617249715438727,0.7865730531911519
56,57.0,0.8780929855581412,0.0136891782472715,19.95595067875027,0.8316666030828801,0.835847736140954,0.0547964606034063,0.7904420865402199
57,58.0,0.8850689525876647,0.0087453091190248,22.12594026640757,0.4713553545178595,0.851708068560846,0.0393715386768352,0.8776413236331488
58,59.0,0.7026514614399086,0.0083345455224489,19.876151274527103,0.620739600298997,0.8940512525367109,0.0442440961759737,0.7905794171008141
59,60.0,0.8890314869411976,0.0060421172290201,17.5955156244418,0.3354513542512712,0.8497841442066054,0.0316351571190933,0.6972934983602614
60,61.0,0.8052687354006858,0.0104797177509088,20.77868727181168,0.7165443760169007,0.8113465169293025,0.0501503644053996,0.8221895645622067
61,62.0,0.7912527134375589,0.0078097597298113,20.065796768927576,0.559770348907497,0.8335452363012341,0.040132308118599,0.7950344605829174
62,63.0,0.8670115299909825,0.0114391848273067,21.83352074301484,0.6132596843469902,0.9389048727628516,0.0517770915122019,0.8709148777745791
63,64.0,,,,,,,
64,65.0,,,,,,,
65,66.0,0.8470078790186706,0.0148722619900124,11.909425448715275,0.3592332254880253,0.7811667516123133,0.0612372027465736,0.4674879231561558
66,67.0,0.8742418382700757,0.0098634143377368,19.794514109877404,0.732657088263936,0.9641919705076366,0.0527625795117802,0.791239428085536
67,68.0,0.96515015620703,0.0152343117667893,13.984533242977443,0.3701188303340506,0.8805164997538363,0.0541539821797172,0.5553186625363209
68,69.0,0.8140079209572715,0.0065787148335206,18.809741284071983,0.3608272560700927,0.811748276847027,0.0333573147818577,0.7438352644975453
69,70.0,0.8622098163750355,0.0078749112355748,20.98442311932316,0.4039726346534894,0.8832084520420304,0.0382002971393954,0.8340401937198669
70,71.0,,,,,,,
71,72.0,1.0947305941135013,0.0080256428021557,20.681275970977115,0.3717812476423703,0.8575943036890221,0.0254967803728885,0.8199781165636987
72,73.0,0.948169225425578,0.017282261088634,38.49518151756247,1.738937942450089,0.8102364999824974,0.0593267087420822,
73,74.0,0.8315310785378195,0.0090377421312059,18.67898597747296,0.4642139219717904,0.8507729619418115,0.0426691303858535,0.7406215956656451
74,75.0,0.931613483633988,0.0145407279669842,16.044480482097033,0.3962704917436696,0.7646859638568962,0.0487417775314499,0.6303724358823177
75,76.0,,,,,,,
76,77.0,0.8872455972775154,0.0098167913590273,16.759157097679786,1.1838988875571417,0.2593308897006284,0.0322901075061881,0.6303899832304884
77,78.0,0.8009819684305106,0.0053420701132382,17.682322849670587,0.213248788106808,0.7481772210989466,0.0246065858218054,0.6957866356197977
78,79.0,0.753130973605266,0.0136196036647763,23.488798328878264,1.0198864808528687,0.7622806481643563,0.0692386933581117,0.9279146950461608
79,80.0,0.8824499637450828,0.0105164021302782,21.23389152023133,0.5025929922682946,0.7757739786258727,0.0411600578781574,0.8378594760589626
80,81.0,,,,,,,
81,82.0,0.912980310238908,0.0055633886528314,18.48798601776891,0.230736129227217,0.8292830092716851,0.0230558126088908,0.7315231988202877
82,83.0,0.8823074845681945,0.0077027793286878,23.25146340561638,0.4788296406035919,0.8740436000200488,0.0333580734661986,0.9236895006877535
83,84.0,0.8750540417760184,0.0058737869373735,22.33102711445685,0.3041120288151173,0.8504396353805753,0.0270982102442328,0.8857576496904626
84,85.0,0.7973363267462394,0.0056488860793908,21.355735432169165,0.3698129993985713,0.862552105534781,0.0332122778348576,0.8478103372425357
85,86.0,0.7197132373113059,0.0046773910684594,17.288828358295866,0.196110716384612,0.8499933207770521,0.029616377118222,0.685613208586413
86,87.0,0.874384438708804,0.0074304797696772,19.46972610980231,0.4850950314305645,0.8031147831181116,0.0316478552223763,0.7692761767790791
87,88.0,0.8359603329588687,0.0044768859504235,16.342415556726284,0.2012981483832806,0.8268089171295746,0.0248963290720254,0.6463702414060581
88,89.0,0.8676821449309071,0.0059005831173091,21.676296391394143,0.3305045944514194,0.7677279573882466,0.0238323592113573,0.8551253811985199
89,90.0,,,,,,,
90,91.0,,,,,,,
91,92.0,0.8171146793912365,0.0164279513393727,23.782231845600197,1.121733025429401,0.8117290103995297,0.0652270393155556,0.9416298195638559
92,93.0,0.873400185269432,0.013039027079692,20.975737837826514,0.6153950153649562,0.8329102648282852,0.0457579088424128,0.8308642401320382
93,94.0,0.8518255423641636,0.0102340037913562,19.76735720975261,0.4952565057806973,0.7827952849814759,0.037489835173407,0.7801405996858181
94,95.0,0.8221794878998305,0.0072852698114674,9.66960914692155,0.1201534679514355,0.8210440622724399,0.0330770677055193,0.3806743512593497
95,96.0,0.7856254503181007,0.0091357225779506,23.907243861065467,0.6364171600703995,0.8281905454975705,0.0433545043963833,0.9476052496629327
96,97.0,0.8789970263808718,0.0105200049559218,20.68099736393636,0.5974176566797714,0.733699228089974,0.0380246206162274,0.8135167327813859
97,98.0,0.8888917529799026,0.0046351210645432,20.68029714104699,0.5909494618533372,0.8315574111218699,0.0209606032479841,0.8189704990810833
98,99.0,0.7496528480705258,0.0046141827715469,17.17302432309951,0.1833279683478667,0.8043153361382638,0.0278342573750391,0.6787178248803382
99,100.0,0.8649379876594376,0.0114344866326019,24.21917635447836,0.6836649437407335,0.845559201961444,0.0411812620966977,0.9606298597506612
100,101.0,,,,,,,
101,102.0,0.8494996770363912,0.0067976448670521,18.274511547606856,0.2854921946322912,0.6375814723600456,0.0307670027034553,0.7128494457124233
102,103.0,,,,,,,
103,104.0,0.882088900298443,0.0143411043179023,17.90582338018794,0.6326301825723182,0.8164744041490715,0.0582358886123691,0.7077723134547392
104,105.0,0.8903261642058498,0.0129487592084285,19.671041965675016,0.7227510073072813,0.8455247825697497,0.0560318146885739,0.7796134002253937
105,106.0,0.8426766913970789,0.0150100402916141,21.19401815335205,1.0837813650255397,0.7876370315126687,0.0602254744538654,0.8372240536593517
106,107.0,0.896257394611707,0.0123721452940626,21.271998717644564,0.5535391891801856,0.907940345296806,0.0481358090642771,0.8468740169597165
107,108.0,,,,,,,
108,109.0,1.4136120905945997,0.0396625904427955,4.451220221738925,0.0940017660856861,0.3006879148162976,0.0880359783386508,0.12297446312445759
109,110.0,,,,,,,
110,111.0,,,,,,,
111,112.0,0.8885585909008394,0.0088867829378443,19.020645555191,0.4825036108839491,0.805648368354489,0.0391799096033313,0.7514704744597355
112,113.0,0.8294825971398498,0.0087142853477523,19.16044811362785,0.6063990423712686,0.7839439337368526,0.039111338392514,0.7562215612786787
113,114.0,0.811819099642294,0.0122875249483155,17.799783245744695,0.5228120350464022,0.9239276776840872,0.0538612271355946,0.7095171226345827
114,115.0,0.8284045171229142,0.0099003103037676,20.374478301999808,0.6922675687964114,0.8439611463682022,0.04701300948322,0.8077175197790104
115,116.0,0.7806190161797484,0.0086519860543049,20.00593481319754,0.6528184148363788,0.9173947726599272,0.0446913439141211,0.7968989630407529
116,117.0,0.8589221790667552,0.013508646730468,20.31784558117058,0.7675103895611535,1.0723218228769806,0.0676894303285418,0.8179553057700861
117,118.0,0.8042779928017362,0.0090374929068013,24.11668527569857,0.6102815370790275,0.6951444942970841,0.0370430884157991,0.9489843000009122
118,119.0,0.8637001614386256,0.0097734877778334,15.8948034583575,0.3178721137767821,0.7435439391677627,0.0331098601294261,0.6238214368886288
119,120.0,,,,,,,
120,121.0,,,,,,,
121,122.0,0.866780292022403,0.0117661397629563,19.837734024265096,0.6371966885650233,0.7850859222629373,0.0478316963309532,0.7829583595673525
122,123.0,0.9164501904454498,0.0059881278534478,19.7721060766968,0.4544813639373996,0.8468971223475337,0.023940731339544,0.7836287173780379
123,124.0,0.7500933832282111,0.0048245063540011,19.91207509692045,0.7041989276449737,0.7322268745630506,0.0240563887532851,0.7842064694626778
124,125.0,,,,,,,
125,126.0,0.889330995289497,0.0056962510573677,17.505541905059122,0.2283596347411984,0.8614566829546911,0.0297532260976017,0.6943798501172375
126,127.0,,,,,,,
127,128.0,0.8250166510066719,0.0039000554170987,15.82277513305432,0.139759425403112,0.7494206224502331,0.0209146132939935,0.6216478677507892
128,129.0,0.8191497361662511,0.0091130432952635,19.2935935617707,0.5561075576357885,0.7652302966974984,0.0373838343847404,0.7606088348735783
129,130.0,0.8542555300623377,0.0118427774675806,20.9736262078408,0.6664994526557615,0.8618026410221773,0.0487760834268473,0.8324434535762726
130,131.0,0.9186291193266616,0.0079950129168355,19.39188286050656,0.4821534874182204,0.7753205735018732,0.033692625988938,0.7642740782775395
131,132.0,0.867233119065597,0.0058753689658636,19.476378523568144,0.5855989422358194,0.7757402250886161,0.0256456934249245,0.7680594893177044
132,133.0,0.8612832409569883,0.0067473630518972,19.458407001340333,0.6261152225505455,0.7327983951855567,0.0283452630499529,0.7650160234455613
133,134.0,0.8481967349513939,0.0065725118058755,21.540296382578138,0.4826835932846064,0.8811694779470028,0.0337682485419416,0.8560547271585373
134,135.0,0.7106861743221863,0.0082786351819267,17.941941997457185,0.4787896570145362,0.7661971085987348,0.0379364780208075,0.7077982569142202
135,136.0,0.7774483635677022,0.0062569899879675,21.49829227869736,0.4453451865672651,0.8129245903249468,0.0373189946791036,0.8510477522079724
136,137.0,0.9609911388969076,0.0197966452530995,22.593692670515992,1.1399067422453388,0.9920794456859994,0.0853638945092945,0.9046910972493848
137,138.0,0.9289168136579626,0.0077563661291769,20.18076878430285,0.5266268219007727,0.8607114096592587,0.0315312277231838,0.8006699316668079
138,139.0,0.9714923116900344,0.003165473508495,17.196494567319213,0.0901488026423993,0.3643538769654593,0.0105703982442497,0.650891039613237
139,140.0,0.8967672025299673,0.010826556942595,20.34362487845618,0.5521356492804292,0.8994902709069528,0.0519647558235913,0.8094558358343752
140,141.0,0.831763991483114,0.0067678425310597,19.6678676501102,0.5282839908042039,0.8426185454979225,0.0345463304657825,0.7795244861221486
141,142.0,0.8815989075399392,0.0128731066798278,20.29354954622164,0.6370007531382983,0.8546416406066115,0.0574137507660511,0.8049223793489411
142,143.0,,,,,,,
143,144.0,,,,,,,
144,145.0,0.7952532168093719,0.0064164796604533,22.230406633795567,0.4947319858174848,0.806313272294659,0.0267062825739679,0.8797388635423263
145,146.0,0.8116743328623078,0.0079436714377777,20.39963987272042,0.6284498464452659,0.8288828582851943,0.037106368070588,0.8079893500486313
146,147.0,0.8218071694033628,0.0064794694171128,17.458044317197626,0.2463398236960013,0.7460909366073669,0.0279810522955989,0.6865557887112734
147,148.0,,,,,,,
148,149.0,,,,,,,
149,150.0,,,,,,,
150,151.0,0.8185146638961163,0.0075601241164242,21.840533400403167,0.5178467377692085,0.7584228112441531,0.0378636327139368,0.8615772099047481
151,152.0,0.815285397190337,0.0084483007159859,20.037865267221708,0.5844612027393294,0.7315242962712692,0.0318726513700914,0.7884851753922675
152,153.0,0.9038334736104512,0.0136395972237919,21.365763421858496,0.7356775300820182,0.823153810643089,0.0478954503935095,0.8456890565599839
153,154.0,,,,,,,
154,155.0,,,,,,,
155,156.0,0.8662874411006781,0.0218322891969683,20.19690012775333,0.912814192517289,0.9546129995759992,0.1079610126157877,0.8066796356060416
156,157.0,0.9349121795427812,0.0095796299594588,19.6229723230462,0.5506696738856646,0.8928220918969019,0.0444764290057064,0.7803937352683595
157,158.0,0.8449135377847214,0.0065851615134559,20.618878868968253,0.5894926779403984,0.7781847394489183,0.0314655135046988,0.8138157489818593
158,159.0,,,,,,,
159,160.0,0.8127859487819711,0.0108572772104227,22.89783086782622,0.7050296236298813,0.7640914702939132,0.0497665069390474,0.9039846728125163
160,161.0,0.759276174419954,0.0073230324335375,26.96491417132629,0.5765586076592396,0.728842988577201,0.0329505984257881,
161,162.0,0.7847503660478864,0.0085769430890892,20.64402731193663,0.5293497612474148,0.9119248973624828,0.0419409741475496,0.8220130241303032
162,163.0,,,,,,,
163,164.0,0.7833314870704476,0.0048469402057618,6.486328471611116,0.0679591312229352,0.8090108646041371,0.0264770992197195,0.2536226464956832
164,165.0,0.8242127005955507,0.007411391536899,19.0287658131072,0.4738771815816001,0.8026486535149856,0.0308004363792285,0.7520111071326372
165,166.0,0.839143992037552,0.0066330782168646,17.699942047938272,0.2312501058515005,0.8140018855531691,0.0317725742744596,0.6996701751055147
166,167.0,0.8115349322503815,0.0069651798847271,22.060639549271517,0.4654733828212215,0.8423523106359663,0.0330528732233779,0.8747686808129292
167,168.0,0.7699894365730959,0.0061671933124339,19.548653499278004,0.3415093889691205,0.772999788319698,0.0289510223281337,0.7715547034741262
168,169.0,0.8361237364664281,0.0042873584323411,19.774034548245705,0.7195498790772347,0.7583604943875535,0.0212403792764378,0.7792092965657361
169,170.0,,,,,,,
170,171.0,0.8364101233964342,0.010422296048429,20.062522229064424,0.5977698488753648,0.8737327621447181,0.0518300253774171,0.7968792238502779
171,172.0,0.8445751346546946,0.015692773619195,19.377110110375973,0.8684102185298789,0.8544527490104468,0.0522062951178843,0.7685549883308955
172,173.0,0.9064790331928748,0.0184007180338034,20.65015257299839,1.1350315403414937,0.913375020585784,0.0693700471295774,0.8224597898174365
173,174.0,0.8595109420051718,0.0101374894652094,23.00968906637649,0.5986372196518238,0.9061483157780414,0.0473111820360177,0.9158763991087021
174,175.0,,,,,,,
175,176.0,,,,,,,
176,177.0,,,,,,,
177,178.0,,,,,,,
178,179.0,,,,,,,
179,180.0,,,,,,,
180,181.0,,,,,,,
181,182.0,,,,,,,
182,183.0,,,,,,,
183,184.0,,,,,,,
184,185.0,,,,,,,
185,186.0,,,,,,,
186,187.0,0.7829648996972812,0.0126292664576285,19.56952666887572,0.7052228655233956,0.7906161514126726,0.0552708273547491,0.7731676037865869
187,188.0,0.8739612265261781,0.012947191566193,14.335691751581042,0.2791568735959627,0.7074453461433475,0.0498965035422908,0.5596711899949418
188,189.0,0.7519202043202244,0.0112576032041643,21.414953839109025,0.6705603447676299,0.8584225023595204,0.0491358256425407,0.8500664517828594
189,190.0,0.9433804534689753,0.0130860697131738,5.201702953272522,0.1238479858071533,0.8371077332226101,0.0489071105550716,0.20331884654683885
190,191.0,0.8627691571454634,0.0123845202600463,18.70946861521322,0.5165626377173569,0.8750244917826401,0.0430416604510517,0.7430855066314587
191,192.0,1.1102821576611763,0.0153682512707071,20.0483619449175,0.586893962216741,0.9563957913068843,0.0535701230110206,0.8018043596159838
192,193.0,0.8687403356053727,0.008939921530793,19.21371809251261,0.5280225389335154,0.9225906451177364,0.0399464673890073,0.7657901883813079
193,194.0,0.8499291962087647,0.0030985100116189,20.91511201945801,0.6004254429316694,0.7769084875034584,0.0255504160467643,0.8254924802126176
194,195.0,0.8082202372945974,0.0085011483647223,12.516361181862436,0.2482005465022331,0.8496524342277154,0.0424507284816108,0.4954745387346989
195,196.0,0.8605943573043988,0.0061531536671299,18.164908843604,0.2481327102891482,0.767529443455873,0.0248872714279043,0.7154852880094684
196,197.0,0.7677133017394233,0.0066901549073965,20.15930729094278,0.6781809759401446,0.8517760472161755,0.0370783650030096,0.7997486178362184
197,198.0,0.918693797226318,0.0091583356320237,20.06358477101501,0.5670970369275208,0.823848985551847,0.0375008268863559,0.7938573971911933
198,199.0,0.8792103592609288,0.0057647640896246,21.11013101968427,0.3515438080069873,0.9017865126587592,0.0303365994047107,0.8400750274337542
199,200.0,0.7869518077696469,0.005827284933849,19.91794395979605,0.687069797974893,0.8539952115184746,0.0292553874311024,0.7902034414781149
200,201.0,0.8237361772669681,0.0099503019357089,21.85370000793825,0.6024748863903445,0.8108221688595485,0.0430491434125059,0.8648260739137534
201,202.0,0.79722497877225,0.0121380476519245,19.99911286540036,0.7097376869945459,0.8959974810244874,0.0555610517150503,0.795554298461162
202,203.0,0.8924901694690626,0.0060993635263589,20.868408216976174,0.6644036157961146,0.7996031268288143,0.0264629235969271,0.8246075989002084
203,204.0,0.855045984931867,0.0129321917093011,20.431852429238013,0.7241995726716847,0.9448155279586152,0.0560132963776727,0.8154466955269986
204,205.0,0.8376220760281128,0.0098200839301142,16.518205893897676,0.3362172592900612,0.8313372720541207,0.0381797898518422,0.6535995082409036
205,206.0,1.151852689716024,0.0026959229629544,9.969704533173491,0.0199166227332763,0.5011636840929702,0.0072545588526184,0.3673522779483523
206,207.0,1.3593985323497253,0.0022681219677953,7.038367876682614,0.0095850517897216,0.3912104124288836,0.005818887198364,0.2358708584445547
207,208.0,1.2744507941481804,0.0016298442042531,4.502363366854055,0.004692560225294,0.2283671405057555,0.0037872526145916,0.12441687385531668
208,209.0,1.347119222441244,0.0238234190276106,4.202048087019133,0.060135737495682,0.2201086418338941,0.053123899096544,0.10863700952967204
209,210.0,,,,,,,
210,211.0,1.31460754550112,0.0017549370307101,4.878129479753769,0.0053135005992021,0.1225938683173863,0.0041394464204238,0.12871380461906967
211,212.0,,,,,,,
212,213.0,1.2171713298308675,0.0015900195210978,5.416921133237462,0.0052111423220456,0.0211247746609382,0.0036980156770086,0.14706082417073824
213,214.0,,,,,,,
214,215.0,1.2840115776389167,0.0014988316498901,3.924573469064826,0.0047028177169166,0.2445679841487713,0.0064323116147429,0.10235696653930575
215,216.0,,,,,,,
216,217.0,1.2581287425851069,0.0014753598515256,4.332064789968043,0.0046605423957398,0.1223580023621076,0.0039170021781436,0.10977892803528833
217,218.0,,,,,,,
218,219.0,1.3219481370349904,0.0018504812130279,6.515644196712088,0.007783834992088,0.2125836661813348,0.0048232393002379,0.20112989494449623
219,220.0,1.285099008640964,0.0022237402960352,4.193727902976617,0.004906609822679,0.2149832216960648,0.0050644869646448,0.11057759602048327
220,221.0,,,,,,,
221,222.0,1.3395712922286187,0.0019285829956136,6.117567926960692,0.0068447666653899,0.2000158889031711,0.0044075159156851,0.18343872496227298
222,223.0,1.2614540840847892,0.0013788096141005,5.211974948276627,0.0053000787544962,0.3588640519420519,0.0036871495556704,0.16377371131160495
223,224.0,,,,,,,
224,225.0,,,,,,,
225,226.0,1.2642253784120625,0.001897387962254,3.449911735266531,0.0053013997009706,0.0617007951715658,0.0048756808682206,0.06945872798339783
226,227.0,1.34180543775756,0.0048963102623972,6.4076975719138325,0.0182111108093992,0.3758321320015186,0.0089656492530176,0.21002807044326904
227,228.0,1.20782427495728,0.0026203861279609,7.501661803164913,0.0117547169494964,0.4746515106645759,0.0054339134994179,0.2656924086285706
228,229.0,1.380245178214654,0.0044961319613994,10.263703311302336,0.0280286726257254,0.4790939172471427,0.0083547390972456,0.37129103171295896
229,230.0,1.3079866754653444,0.0049643070410896,10.978671859989571,0.0348108227921268,0.5598058588280717,0.0115136419553093,0.4084496894887338
230,231.0,1.2344482387780795,0.0128925292335596,10.28811492094122,0.1030362903760279,0.6536910652635125,0.0315805477480277,0.3900108599899462
231,232.0,,,,,,,
232,233.0,1.177860052455013,0.0082108489844204,19.809337582087338,0.5976960574279481,0.7498651482643893,0.0248037492250652,0.7769348459187001
233,234.0,1.067803529455286,0.0135417857937182,19.47577121817538,0.4618834716725998,0.7972380922003147,0.0373663674668406,0.7679510036816732
234,235.0,1.2128949387202028,0.0229958665005856,22.013000299467876,0.7497647642494012,0.7783829019094886,0.0567024153207619,0.8664901074545849
235,236.0,1.220528529909451,0.015945465422205,21.40752473123145,0.4765816406712399,0.94828419135609,0.0420267756810125,0.8556603229957914
236,237.0,,,,,,,
237,238.0,1.3001601853992668,0.022178447531097,18.716058887206724,0.6333713943866234,0.803451234517868,0.0572659171856663,0.7367627960566955
238,239.0,1.0439489284311498,0.0067756859333974,19.732498358665104,0.6960507175696563,0.7639485816027354,0.0268138502804789,0.7760849540209114
239,240.0,1.0861096573730644,0.0063296674593269,16.911085787050403,0.1372983675231567,0.7531442259374206,0.0207331135498179,0.6627323290241719
240,241.0,1.14839682296536,0.0085839890638641,22.19329703069346,0.3169900796784053,0.7728481356583411,0.0269958333420026,0.8737445960861452
241,242.0,1.065755962021726,0.011797628906224,23.099609237359143,0.5588299157034116,0.7251911058281724,0.0400332837921415,0.9071951314955968
242,243.0,1.179867019528779,0.0134698018560326,19.80938485358409,0.7246668077376196,0.7389728282798302,0.0415537084459482,0.7760926236474982
243,244.0,1.2271811348519146,0.0075715314181918,14.635610976918311,0.1400599223404964,0.6263081583860031,0.0146793250627806,0.5609160015268329
244,245.0,1.2346399557766583,0.0079591209598879,20.705134913205107,0.6422043324044634,0.7315797949512464,0.0249046086082574,0.8105858725946795
245,246.0,1.2025543123905915,0.0176917326197579,20.68222988991135,0.6420889055916448,0.8284283307684652,0.0528548888602772,0.8174930265377278
246,247.0,1.3087202981564825,0.0159504090366174,12.66780409053293,0.2258072982545318,0.7750315181270416,0.0409392348812185,0.49371547090730306
247,248.0,1.2140073298508869,0.0102077758080407,20.25394763313525,0.4919522485661555,0.820413107746148,0.0312495878217369,0.7997803487344329
248,249.0,1.1770589424698863,0.0137230916971417,16.7074476271456,0.3621296095294761,0.8339381112024582,0.0398888007705411,0.6598989500976673
249,250.0,1.197345353616927,0.0134880413246022,16.450353814327215,0.3231645512520201,0.9023683328766336,0.0498013695232107,0.6548505069018224
250,251.0,1.1284398722185642,0.0243185011569162,25.753980524334064,1.070643732125952,0.919248733536992,0.0708495975490759,
251,252.0,,,,,,,
252,253.0,,,,,,,
253,254.0,1.1362411308139413,0.0116350002145906,17.357183807019474,0.2864992416211882,0.7569174178609038,0.0394656242385927,0.6802917879990115
254,255.0,1.046152344439056,0.0070388933251059,18.709344350118236,0.3387945677357558,0.6290363879484481,0.0240569173863658,0.7263013736292747
255,256.0,1.027665093853013,0.0086623646972267,17.162039548679477,0.2005818089740322,0.7091602898399264,0.0287658275480703,0.6703521995742796
256,257.0,0.7091717701195945,0.0097697557242496,5.733133630179213,0.0834394720977349,0.324814359937432,0.0512012839573109,0.20202940078448528
257,258.0,,,,,,,
258,259.0,1.2223747172070007,0.0169366782033718,8.09796828978755,0.1226592966866853,0.6923962171062455,0.0413924795403813,0.30611007888487507
259,260.0,,,,,,,
260,261.0,1.0386769541702023,0.0105011096570009,19.1425744375734,0.4364153548475608,0.6067520268397545,0.0290801339953646,0.742178166461635
261,262.0,1.117644054567596,0.0102410168354234,23.57415664515646,0.5078011699796571,0.8059754841773599,0.0349353766616628,0.9312990253547679
262,263.0,1.073819321058026,0.0107596332842719,19.11661523070418,0.3992125580218972,0.7958017221900475,0.0342166175230697,0.753525814221087
263,264.0,1.1153528571895177,0.0293430808165033,26.04862340669603,1.3353241056926417,0.77307927177385,0.0649649489797866,
264,265.0,1.1948036622797606,0.0138862486662289,23.024666295073505,0.4864377007679537,0.8602768834291777,0.0389325284441605,0.9131556768601544
265,266.0,1.2479260195408708,0.0138220976698431,21.8272725774043,0.6424540925575769,0.8221049814224177,0.0379766649211471,0.8623387249232278
266,267.0,1.1450958846942436,0.0176350950080126,18.680084185856504,0.5933374458935721,0.7577044533972928,0.04589308440787,0.732896960438905
267,268.0,,,,,,,
268,269.0,,,,,,,
269,270.0,,,,,,,
270,271.0,1.1956258963967314,0.015382477623349,21.006881865359624,0.6798700384951396,0.8086464353239478,0.0424142803692127,0.8289198728049242
271,272.0,,,,,,,
272,273.0,1.0730359175479376,0.0110946748384101,23.493850188722604,0.5247874890816844,0.8485354635467068,0.0393972165497876,0.9312965937222362
273,274.0,1.0786609597575945,0.009963963784544,25.87718263467574,0.5565311995654512,0.9389194671364748,0.0416823665836443,
274,275.0,1.1299173211730302,0.0145646788060348,19.6541781378717,0.6051465879131291,0.6843017073420049,0.0374298100031873,0.7664578611910189
275,276.0,0.7458053296096508,0.001557261378439,8.087053189839036,0.0179098214035724,0.1127166112361264,0.007958582698387,0.2841695440118612
276,277.0,,,,,,,
277,278.0,,,,,,,
278,279.0,1.0917530326192135,0.0189084205520825,19.461498658144997,0.6102768858290438,0.857107022461629,0.0546653847203678,0.7714270194938997
279,280.0,1.1244169093081453,0.0120261454101352,25.75722976551005,0.6233154272762539,0.8085345586418728,0.0390525497717522,
280,281.0,0.9288245206631712,0.0117131509083835,22.477790469915647,0.5926517636231975,0.7799174355990998,0.0389859020321094,0.8872304089647638
281,282.0,1.058428591431898,0.0158212008687689,27.662720176537317,0.8369621817479705,0.8644548799617687,0.0513889196041387,
282,283.0,1.2273432289737312,0.0140700492302087,19.78544407165285,0.5791874873550599,0.8843826964710656,0.041896530161939,0.7861184605993164
283,284.0,,,,,,,
284,285.0,0.9490033390067772,0.0063380854040353,18.873248808300502,0.2866471841149114,0.6705875070532133,0.0240870995846784,0.737023478201108
285,286.0,0.8904021098558974,0.0092605936764242,17.295611431093565,0.2382716504135024,0.6693962044091202,0.0280496593327929,0.675045723583699
286,287.0,1.0495603467898351,0.0047179636183109,16.860970367831218,0.1155175834291214,0.6766594678243565,0.0154656715209731,0.6559212863969607
287,288.0,1.152455248632947,0.0068385234967292,14.912036476662347,0.1344269520530162,0.7180242417444463,0.0215527203924417,0.5799968921800651
288,289.0,1.1305867328036994,0.0078506765247417,20.7920894977758,0.3742973956923547,0.7097015669266286,0.0229053333838275,0.8135602762355593
289,290.0,1.2713728893260792,0.0186536386269858,27.372856044835448,1.105290827995486,0.8598332520931138,0.0523329294897087,
290,291.0,1.0894095767087673,0.0107059949840945,16.10096978452114,0.260233355536096,0.7747879512407823,0.0315113650115587,0.6319883392215535
291,292.0,1.113433077100372,0.0188886466178859,19.36591083533598,0.6354317155765944,0.8546680627665152,0.0600638387511191,0.7673948683657325
292,293.0,1.1336569557082254,0.0173926474272798,8.463170205268009,0.1936506711988877,0.7817368252262102,0.0503564409312692,0.3283054906456143
293,294.0,1.0496338377209409,0.0133562835757336,27.947384780690854,0.8616515542531289,0.8685198383697316,0.0438607994881304,
294,295.0,1.303276592687343,0.0228723066483164,21.55967356403525,0.702212117429597,0.8420659119769682,0.0521752274032938,0.8530983832523935
295,296.0,1.0207788877305246,0.0091287930788088,17.796721530102456,0.2435551525058332,0.7735221126698696,0.0270871782708857,0.6999021142805304
296,297.0,,,,,,,
297,298.0,1.2369872130749286,0.0113691716766717,18.95597633216362,0.4606686418898909,0.8212847236964241,0.0321307928857738,0.7481018701779197
298,299.0,1.2034105149622891,0.012152925457692,21.578761670056075,0.568475596952936,0.7397399859591728,0.0343820014521988,0.8463016478016541
299,300.0,1.1233395552105614,0.0104321392047609,20.51892295567763,0.4572256200300519,0.7562348308335501,0.0342841433967414,0.8061367224442028
300,301.0,1.0975970088810114,0.0326192061856923,24.089544391201777,1.4201458177502702,0.7466447970120341,0.0831963282017993,0.9477373476485882
301,302.0,,,,,,,
302,303.0,,,,,,,
303,304.0,,,,,,,
304,305.0,1.0640986841547502,0.010781892654417,20.22534167137935,0.565516663969441,0.8003348837153681,0.0334188628454441,0.7980052024018753
305,306.0,1.1460591431733738,0.0059859385870615,23.127693257680026,0.2477347323225092,0.7890540752500794,0.021536937905533,0.9121272905588296
306,307.0,1.1067307618248012,0.0062329366204062,21.98407668874151,0.3241822789117635,0.7818786323924575,0.1405654212376388,0.8663946923128303
307,308.0,0.9194221223375726,0.0061851261550378,23.366523395709528,0.3257573982271176,0.8195263570388228,0.023910831116125,0.9249942612930453
308,309.0,,,,,,,
309,310.0,1.2381385080378695,0.0174984745293219,18.50146629884957,0.5646110089939094,0.977265470868032,0.0561885687919813,0.7424155893752156
310,311.0,1.255621761961616,0.0126687531368667,22.94704404175848,0.412209932605424,0.8409833930779651,0.0388061754104933,0.9083699107134
311,312.0,1.166415039573124,0.0171701068694634,22.675258679319143,0.6843025677744051,0.8109212512153479,0.0451960201989809,0.8956258047844438
312,313.0,1.20803943105372,0.0132062700185432,17.563136647490403,0.9120469391739464,0.2940230757330476,0.0300483515936757,0.6519351923762418
313,314.0,,,,,,,
314,315.0,1.017322208359686,0.0091493710757118,15.49025145921246,0.257326582833063,0.7518023952266846,0.0376391030723933,0.6067561541469983
315,316.0,0.9822493863153602,0.0292555057002262,23.251922192164912,1.3849402853005024,0.8948743257949916,0.0877619328520817,0.924875881081747
316,317.0,1.023501829860113,0.0094142260072883,10.91629058531039,0.1747271715287155,0.6611993492893984,0.0380860106481173,0.41878596279349845
317,318.0,1.1897883355467676,0.010699193023739,16.31808337965336,0.2238726088490672,0.7551184978013247,0.0264322875901208,0.6383367791669294
318,319.0,1.1338887649514566,0.0118957496558364,19.99693542418248,0.44791015856959,0.7579925978236913,0.0314354590677367,0.7854041433369406
319,320.0,1.0980980762604635,0.0102195647410658,21.069003643558027,0.5656611655360011,0.8206759468833236,0.0322286354919496,0.8327909792222886
320,321.0,,,,,,,
321,322.0,1.2831185940159695,0.0189673286568157,19.87814020980188,0.7117342863609286,0.9098081529417048,0.0584368327123484,0.7918565193515487
322,323.0,,,,,,,
323,324.0,0.5961628672024477,0.0022462501621939,7.480704368278872,0.030074337228155,0.5498527783532576,0.0147600612831376,0.2843143359601389
324,325.0,1.1822263721597892,0.005464890191288,14.341787427809576,0.086805945999785,0.6421950280174186,0.0162561035819552,0.5512138482926798
325,326.0,1.1920320634412829,0.0251680599029673,2.1404733461693115,0.1463368643378509,0.7589740318852735,0.0586728824337129,0.07460661385735352
326,327.0,1.0704722484934024,0.0108444902337612,20.405623899065645,0.4886263936925468,0.7510563303878856,0.0360904738631209,0.8017505403256591
327,328.0,,,,,,,
328,329.0,,,,,,,
329,330.0,,,,,,,
