PC1,PC2,RMSD
0.12512256503374616,0.10927348905004759,2.3336760509539762
0.12501410473977398,0.09723829337104598,2.170698341505944
0.07684288301867423,0.11814683484625739,2.0273939768009286
0.09820501108861378,0.05048097120788554,1.772436679885965
0.07724636305513952,0.06505210157146936,1.7534871733919721
0.06986409649246465,0.006617625640801039,1.3757607009733643
0.0739159040192599,0.06677976382883118,1.750493577352302
0.014955010818845666,0.051934923885971256,1.5890469383489978
0.03531790273226305,0.03203324241398607,1.4941579255396673
0.04063858925176441,0.06543210087210563,1.667733005238566
0.11062450053915307,0.06888316041870549,1.761796845004411
0.0422431383652013,0.13714636533380303,1.870064850218111
0.07093153647449989,0.04863541057162058,1.60894737087575
0.0886197201587011,-0.0053241697091463164,1.5628549808802865
0.04449291590379061,0.04627069453021347,1.5118081356889561
0.10546484153978934,0.14623835595967544,2.1871424678977887
0.12413183539419524,0.021216242593479043,1.8691240009557344
0.061978990078305325,0.011054822709960046,1.4516249013953693
0.04994483954749218,0.05270962092466882,1.6449963083045847
0.07129257139827293,0.010378628792392083,1.556876733571916
0.0337878282331015,-0.030386231433600235,1.3707748602492889
0.07434821316897428,0.012031016306687662,1.536261118678643
0.06961456588070475,0.04507749881666023,1.5946772602088792
0.09148005374854706,0.08173627750668523,1.8829719975890158
0.12709377866628385,0.11200486965851482,2.1901438057628124
0.1488938908159698,0.03709691500544073,2.1380370225483287
0.0647308099828208,-0.005384773795658585,1.5379296353931013
0.03059991140170299,0.060407576449606606,1.6645057686915437
0.07524207285077175,0.055815709057791506,1.6728832400397393
0.11830162722099448,0.09039912156289644,2.1398427837812126
0.0847276162792456,0.10366676187607887,2.0427094456244985
0.09234034059863919,0.07523901811242262,1.8582617740852687
0.14454083817328578,0.1167227106590554,2.2616078246241478
0.13291975915497103,0.05072325269227241,2.0596274577271556
0.09362307076024072,0.09040400420389999,1.8815631738615615
0.09182737744914796,0.050942051790264606,1.7265487322927604
0.11351374405928522,0.09666831385827375,2.074337412472444
0.10139703350563163,0.022263623689069062,1.7966932729207974
0.1974405683395229,0.05875088488643131,2.470877107808431
0.2214531183906922,0.09331763526726844,2.749446411066356
0.09616087697924278,0.08270279428677871,1.9169269688075743
0.10574994092880227,0.008472711356048532,1.755457455199107
0.06161667385053608,0.0629173092549877,1.8677014601068622
0.08403824961409907,0.10582252589067558,2.0472652414356536
0.10496816665630883,0.14202089857527117,2.28326494093216
0.10027558676488105,0.07133047900494102,1.9704953146181805
0.11570475596842257,0.08709290607919039,2.1700211124794806
0.08862535690102903,0.08459376840015705,2.0142088732576555
0.041442207173026775,0.06218537221345447,1.6383483891224127
0.057270544779214234,0.07965869272405794,1.6530733432781477
0.0680546299124352,0.09245417824745158,1.8165645816851146
0.0703204560978111,0.06047716296637601,1.6175882284573142
0.09631531298446948,0.04060658304785414,1.7244818959369956
0.08604427285490733,0.05888212703256457,1.6229485001601347
0.03689069689158424,0.1136527713491845,1.8082188532165135
0.08306340090049324,0.03306264846167633,1.5943515588759756
0.04574750049831445,0.0207337835301372,1.2282332721885814
0.053776837251097005,0.08328064359990739,1.696752556364589
0.022264714886117067,0.10128689198604117,1.7033490860818727
0.07321969871163199,0.030032595021009443,1.4851825559266245
0.06832117570729467,0.04725447167913914,1.5772776038541567
0.08548206895082024,0.05206855040201472,1.6480544493108733
0.06916881950115558,0.021455373875015147,1.4632643009030455
0.03874064196457853,0.06060193909295487,1.4879350115451095
0.14925752323013028,0.09867461400157478,2.202895977603744
0.08534849493154201,0.05781241498285286,1.6598014805227546
0.0731568972529754,0.038062358331569617,1.5336903090972263
0.09817961609329974,0.09951990875997577,1.9136413988261285
0.147763441796239,0.06022682737781435,2.0558285874846884
0.12913572949240149,0.07407713918528737,1.9356856997995981
0.14144318905994613,0.08239366950341252,2.0865558541673916
0.022910020811738274,0.08671092741678721,1.5491366662183024
0.09634086387646806,0.021805271605154868,1.571325457271008
0.1479643714145021,0.10167427636150322,2.1922535512136876
0.08095886467110944,0.06443613761254832,1.6710567430628682
0.14177331536430673,0.05260625908607006,1.9964411821137793
0.11367840397008391,0.07306826642499228,1.9203790697415082
0.254353872504604,0.10655943719018615,3.05073698512538
0.18836143556867332,0.10500979436397487,2.5781485278813228
0.26248049424006364,0.1750937718880028,3.420730022116792
0.13237598020841718,0.017163749303652633,1.9587738304439606
0.12490681468983128,0.11023718637838945,2.20238198882507
0.12892268663775394,0.04691273393238953,1.9574877771843762
0.11495699392368025,0.021852064036459295,1.8351206299271923
0.061856909086881455,0.025742244867762432,1.564059155730282
0.1594107723167343,0.0940579309177442,2.2957434509654693
0.07636844343823607,0.012600009406224895,1.5361555701020837
0.100542591704421,0.058583864138173465,1.7991246980084592
0.14232325573082413,0.042700507636815176,2.062180611855727
0.1648368023511738,0.03559800485288628,2.2690264068952866
0.13498904466937933,0.10239965958800605,2.2325271493168763
0.1322932458532672,0.02793131895356668,2.0239484390484437
0.07883069172115577,0.07520963624479825,1.8314146437274879
0.16287832788572656,-0.016574630045335794,2.173470091520162
0.17809676937940822,0.05309856725243139,2.3005753868107224
0.13457524278422603,-0.0004640570392463165,1.9671470132088904
0.15546416689129341,0.06829418267940375,2.209514982411043
0.13964923766799217,0.007326739093589551,2.0219286021218092
0.13215539148921376,0.09531014615042681,2.207719027113176
0.12831900298322865,0.03294177097612426,2.087035118538729
0.16728447571168012,0.07265926218222173,2.3390614404205303
0.2959309697011554,0.238189765397384,4.021298919478293
0.30525460778679314,0.19748919397705625,3.9224747765470354
0.2744778566204863,0.24427954624620232,3.885265491450489
0.22414983466110594,0.14488270809589496,3.0124490593636963
0.2840474956354301,0.15317204782808477,3.5238623673548664
0.3200507188788794,0.20514451485483853,4.1138487634091625
0.3017855156619224,0.21561132282382214,3.986874741503131
0.32884458567662045,0.20874028768003633,4.180354587578098
0.3382192326363478,0.2918429775329688,4.630439880980152
0.36530342193046306,0.28928138322268865,4.8043119056221535
0.3654405843419019,0.23210004961669334,4.583674962039622
0.23055374431795086,0.09824467649015894,2.7861695364178836
0.22021983425095853,0.201513949658587,3.2252841757422464
0.25691041797452724,0.18805071514596125,3.460602717279393
0.27340139627708465,0.17755663515668868,3.5429005635951327
0.3117597976298143,0.2453899824032784,4.150291074152371
0.3060632606898709,0.1756419489597432,3.78524526201002
0.39146400743887244,0.22503151820085168,4.721894259533268
0.34916946960559503,0.2458855777463747,4.552900786769223
0.4128166182710928,0.24574101148904573,5.122532206317721
0.35478375441529036,0.22906242307008481,4.418507051605275
0.3356947861035269,0.3113375993809642,4.731187662758
0.34217158656334634,0.2296706124933384,4.314351480709302
0.4345091221414823,0.2759484681360859,5.232127050253182
0.39828646491535663,0.2760676294800912,4.953277822619612
0.3610508385519285,0.24838288719420207,4.550295310355212
0.4117616027085358,0.25638391008217465,5.028020946646101
0.44590957081597793,0.2392989713499106,5.300504209329508
0.420810486131905,0.2217594817273345,4.967956165493702
0.4471106372018569,0.3011353531001402,5.541481241692718
0.3055398288114954,0.21762363994417075,4.015216164964578
0.4472560499368679,0.3474050094033897,5.751100100376095
0.33787162455805786,0.22392944830952632,4.171462581177867
0.2885092721700182,0.2657008486038838,4.07963674349069
0.35882982288242454,0.22989011094314052,4.428273101830799
0.3938345963245466,0.2218862244181138,4.684217011568402
0.2969295305446763,0.16958225372173788,3.7106569621696512
0.3964084456333986,0.2398336306214262,4.8328209340847
0.3456952245896095,0.2717197250428226,4.559166729739488
0.4341253358818704,0.28991315891435354,5.359073840110799
0.3936439895255963,0.29065604048720517,5.047857573656868
0.39677408160574834,0.23245422571666163,4.893461387332824
0.3898296405243566,0.24675476302505803,4.749386549348483
0.4271338789731396,0.28575764357520383,5.288719633222972
0.39331350384625685,0.28462528782741353,4.99291826420612
0.3997934136358925,0.20966654350499758,4.7625764153902805
0.3296531304070569,0.26515352292294836,4.42096721174118
0.36066307842718,0.23056808550133706,4.4732846917760485
0.3874000244171416,0.2041186041272567,4.614805102647743
0.32928237214659045,0.23101533747817707,4.246818115966365
0.4159431750757621,0.2773890759334149,5.118611800858758
0.39148728799052496,0.21963899289653818,4.704003708334159
0.3953279311040772,0.2642261948585306,4.8837952415660215
0.3954922014468983,0.17344025278945974,4.551975716507131
0.3471298829104654,0.25238653892960583,4.4528841490182725
0.3650298730838643,0.24480018489785724,4.639924423334753
0.3686366278247784,0.27459926436517657,4.706412680289968
0.3190840510511388,0.25203313024703455,4.183544937760135
0.3214353168904168,0.23088108666710636,4.132879559456285
0.3626546533602042,0.25390837817903483,4.587696709704406
0.37967252632537835,0.23372245100199185,4.6684209502431
0.376289382552442,0.2319884787576839,4.599904322797386
0.37868449191726566,0.3171366117573225,4.975679121304926
0.33852813048190344,0.31468745876425375,4.738955537536875
0.3704423755969083,0.24268992196429007,4.556988716745455
0.42498835071035684,0.16981078970501953,4.763773179474052
0.41730570280664925,0.13668328403487806,4.6622513751390295
0.37472800008937696,0.11090743130335433,4.144395571382768
0.41469073033512915,0.18900309278464983,4.756795748101889
0.40844638511930365,0.19020574646007016,4.681333554140734
0.331906609210331,0.1423763977304992,3.8737358242373525
0.2933309956694522,0.14569731698850502,3.5872129013281735
0.36462688363601997,0.21032071801236155,4.435901021205692
0.31766778450575217,0.23673204640931989,4.204970186881631
0.3538456015191492,0.15477160976030788,4.099941759924107
0.368741649897186,0.17637760088248491,4.3225922254014515
0.34129053906429047,0.13406814102520326,3.9588148402390884
0.3930275586165607,0.16087566605735446,4.470099993020397
0.13385856896519685,0.12408548267519684,2.2872649871112687
0.2625823217457627,0.1785652654606494,3.6319501135829397
0.390440480907542,0.16853838528969467,4.498795201754283
0.3816103139885344,0.15034785589666924,4.310099829680567
0.37719214649943117,0.22875723211189875,4.584420931025466
0.34851080776667775,0.21505294001445516,4.284379068959161
0.37542881308059683,0.21860194096523927,4.556429282392003
0.2700019138033627,0.20845573155177424,3.711158393208976
0.32343214806128734,0.23432165147489506,4.173238390345015
0.3432531108633342,0.15273549256678995,3.9898551702758156
0.35947391734581857,0.14549813118969226,4.2120376115510165
0.350927576257803,0.19533649758852525,4.2988728121043644
0.33527031826999093,0.2242682366764748,4.244405607110016
0.4044413921170562,0.2266138667578835,4.851146008244025
0.35634803912707774,0.25947013917881817,4.552146708787941
0.3498691144980228,0.22705358919545215,4.332252699739445
0.40583766159737433,0.27149001567292413,5.024421946347569
0.3889610658269703,0.23266746594031154,4.684111116587891
0.3345902242473527,0.14601099863274497,3.938754097407712
0.4115463604828939,0.21321517807088716,4.848522173021814
0.4122690377027728,0.25588323136095276,4.940024380812734
0.38507136306457135,0.18313206556100012,4.460028297235092
0.23710948029823048,0.08867237864599854,3.012849351073768
0.3081609764530232,0.14977944263595203,3.725017090543677
0.16971718981356765,0.13441104683863986,2.699081044731855
0.2618262655579872,0.11743572703341927,3.1472788320704397
0.21214936565503154,0.1392215155460476,2.7662921497058943
0.3459196039991601,0.15954452582144998,3.9284788856447475
0.24407485823747566,0.17115682544540237,3.3735279217974274
0.30464315378625234,0.17059680883360467,3.7830742457269695
0.22507242391883114,0.09595015543621531,2.8685138298806874
0.3143074276701793,0.051466784191008585,3.503547902661025
0.35620446426402597,0.1630679229660155,4.121294633456385
0.272897902101675,0.1203038417048162,3.1960910444861117
0.3001061906817149,0.0854589078435194,3.3452288443493727
0.25502541401719886,0.06804845701352427,2.9539335666030273
0.2192025325567344,0.06308469006242098,2.6314841609528217
0.1923488201777511,0.1212372467816951,2.627447934856901
0.07378791853358764,0.07036294067918153,1.8828115092948117
0.15224191762204947,0.13351306570643123,2.553030450752124
0.16850346353761167,0.085560595801911,2.3537952499660926
0.10038364259572607,0.07233389105843299,1.8071129145449527
0.07629932094582911,0.09743695900283393,1.944792583506497
0.21192576267702493,0.1338012760743925,2.842819808698353
0.1998299840894503,0.08120534158233657,2.542481934103595
0.20079864281850832,0.13109781106839663,2.703173228267344
0.13731020090551285,0.1183774133419495,2.2986364966814077
0.2131172060657004,0.06922908847257007,2.6247318567920797
0.21172991759016352,0.09992272759095358,2.7344684255953475
0.21770571947762912,0.13474447855373708,2.8375638959066984
0.14060735198937166,0.12872882214857312,2.411031331491504
0.09685173813807016,0.1290406441496836,2.1435735310300412
0.10400309761580254,0.10399517808944544,2.186682469109025
0.11256802804737179,0.1564002308343322,2.3146833276521517
0.18306497010598646,0.11665018266410149,2.5638237578555403
0.17682942264360368,0.16951606064600896,2.7868803078891835
0.3147786983726169,0.10592892505818503,3.573013928058748
0.37175092464912035,0.17563693665847566,4.200038077838059
0.3623678978843434,0.306057907238915,4.932261945272356
0.4429946448287175,0.21905187842651244,5.0427964028862595
0.4013684563925965,0.29133269245093174,5.04475583976865
0.39694363884606254,0.1757301018684206,4.595098074496467
0.37578034441719815,0.2520658530388748,4.6346525094617
0.37554830823268665,0.20611433048607736,4.414368362474764
0.37726722524993556,0.2606119380499884,4.734264405130986
0.45514137173512786,0.2531253965244366,5.317497690917592
0.4921449997585018,0.31673321566812984,5.931313957654936
0.3790193514348795,0.28790527949636624,4.938363863653913
0.3777952513054489,0.26606728706776506,4.672805083187072
0.42431128900934023,0.21073311873295858,4.860278391564186
0.4641307406995523,0.24865867243577025,5.399118920548862
0.5102904097639316,0.18520288001466084,5.5615900977455
0.3635306816793891,0.26027629930655716,4.661024073796292
0.31380417591232385,0.18548715079488937,3.852949543027919
0.25284598298153715,0.17811510832709698,3.359409777346694
0.26485043960893667,0.22849668808828058,3.6546755922723877
0.20721206785337098,0.19196016988196835,3.1516848825171064
0.2861095941925537,0.20709925998210751,3.7684536484047593
0.40107836191592816,0.22202691977430494,4.728580469599313
0.3234634268919636,0.25117134398790775,4.222489455499901
0.28921134548109345,0.22241300388791427,3.868832427227449
0.23419023984564655,0.20377701038236798,3.390198575231594
0.21839636946118834,0.1452243170483022,3.0181985536366547
0.20212950360849233,0.20589335559265728,3.208777254530167
0.18201834581134504,0.2090198063476437,3.0940550710230172
0.2657966246252372,0.16556173045875155,3.4113394916890254
0.26229212190091217,0.17244776089090574,3.398171332481543
0.34546838222731896,0.19297537456603936,4.135258162303496
0.34970520722658033,0.2585527079001828,4.488402367771217
0.3662416099982038,0.19862744549688757,4.330153507567622
0.26895105395116575,0.1828037759734642,3.536960483163771
0.17580579196169896,0.18239065840557056,2.9241873710546513
0.19197293803041449,0.2458050658021384,3.3913864489762853
0.15185169225992035,0.20972444510879795,3.026319912217526
0.2633513150454688,0.16484032170832197,3.3413455996223216
0.3192042023724572,0.18376954655025501,3.846871211177483
0.30028304572218023,0.21476863748158914,3.8904667722291233
0.22690068003868136,0.19264063016129018,3.211440300001034
0.3991932663962639,0.2555634224378559,4.822904304517236
0.3708243342285549,0.2064312804676645,4.389429720075703
0.29072940384971013,0.21916573421413788,3.809950830967298
0.3760480016455174,0.19975310023490872,4.393581833893517
0.38275214310151884,0.21278057255802355,4.480991002905339
0.3492685462315538,0.25790414094191205,4.500662807685919
0.3581761989676356,0.24411907095314656,4.431865625192824
0.2992545363519808,0.2209171768873735,3.9123441299786244
0.3977528718842295,0.19074603672858387,4.604072761584298
0.36348333130759003,0.2566288687398694,4.55965678320247
0.32143109030824174,0.21881759051259916,4.041484829119163
0.2857488401005842,0.20287712125065321,3.710174612703386
0.2611372589656889,0.1858551696142436,3.4908738916322704
0.2649191359798147,0.1926185001107782,3.552406947139575
0.3192660209161074,0.1547691767834899,3.73122005468004
0.3731837623647955,0.21057686526762634,4.458300888804898
0.3592171734497331,0.15198553987523156,4.093482896050876
0.32248089249082523,0.19305993510966665,3.9587804785452017
0.3695056341204425,0.14945503012190078,4.182955427174532
0.40529046822742437,0.16250800765520076,4.562731360385748
0.34841119662988584,0.22536688853316622,4.344893448938413
0.34538131365489927,0.2162382544668576,4.237136285506563
0.32033865540924267,0.24109505862311822,4.195938683233147
0.36920688123184126,0.22738958765811346,4.5047888397144
0.3540340681507376,0.10789248183267082,3.920549573134076
0.35568434009919264,0.19690618024070325,4.241523108791204
0.2691633612058091,0.14270518208513455,3.3110751546954145
0.3069655196422994,0.2258313077898468,4.073277010808734
0.2936087868319416,0.19921302423153017,3.8109197926832565
0.3812883709368082,0.21440396458570668,4.543666969005801
0.3525207949825323,0.23580101672975784,4.37157932249674
0.3523207800144467,0.26934418592549186,4.526142747321022
0.35242765911276575,0.21917432046987248,4.388253819506283
0.2547682896302555,0.19040091775203832,3.4836278241496816
0.2370527189355173,0.21756123100816405,3.4997271557553153
0.1639876539581592,0.20895201580933118,3.0097639531955926
0.15003073085093993,0.2044354331981577,2.882327650166723
0.17386554482091982,0.2345037611611991,3.2616407636621396
0.23949863807475236,0.2163920877130922,3.3989850467173395
0.1573304965950222,0.19382421606109132,2.9059553926109936
0.1357290958055316,0.1814063551451852,2.737498711113759
0.20870822374139972,0.20751281045046177,3.236527361551194
0.18288253030701682,0.23585140940637786,3.258205191434714
0.20377099177713184,0.23907616798509543,3.4480848701083464
0.21446695998694829,0.2117098064586026,3.307822318565501
0.17736433085722583,0.18266832857299875,2.8772876610920592
0.18830193255816688,0.1744002311407296,2.9994314991672777
0.2046014235929318,0.20890231743794696,3.2934833079420613
0.1713210093740916,0.2249761646463028,3.1636313947453347
0.21625369494162416,0.19767173075189085,3.20690869313503
0.3337211437315169,0.2779193741263976,4.457995628964511
0.31797820542029076,0.24104848612302804,4.18413241732225
0.23046091288036577,0.26035098535527634,3.68938269075546
0.33876678092339546,0.2173653139176799,4.152737418833487
0.3480753074671071,0.24910615458124608,4.423759579657195
0.4662597907871447,0.19162256628525787,5.25403566087292
0.3454912491755516,0.23001941711907223,4.281299032245793
0.3200915656534242,0.2520792383919228,4.173249528085983
0.40942899891728457,0.19929478971640188,4.695937037007534
0.30436116524605794,0.172808505188101,3.795011493981168
0.2856006085901003,0.15516115439875997,3.542343384478098
0.3683181536839051,0.2118396680750568,4.364150348630886
0.4082932230951276,0.24713462044998763,4.870958523514603
0.45197640535813943,0.21023076799156695,5.097434174732187
0.32458469876394064,0.20879638357786529,4.140822735688385
0.23863355922472748,0.2165967802714546,3.502396981097986
0.31521613920597485,0.19125808435309793,3.9571266252869215
0.4586652566752987,0.2872423791455083,5.441394164172492
0.4194546568238594,0.2548382928315504,5.087707827645059
0.3611105027914371,0.25086537949855553,4.599652819088228
0.24782924750018748,0.17377125535693103,3.4713293751612038
0.3315061152156479,0.23042221949884614,4.202382992639053
0.3082730837619085,0.20419395063190304,3.857817326277283
0.4096998499419068,0.20356307417647732,4.70285168529251
0.37359697099192635,0.21677594980366025,4.463845487740642
0.38870906093584406,0.20958504211640544,4.511319214827244
0.30563097741866263,0.13693626789567778,3.6637873871104283
0.33078249629755996,0.14136598804309783,3.8682544449619476
0.39785420321889653,0.2206791783892444,4.681823204582901
0.2336417508423744,0.23142794163262825,3.5490186454235375
0.23626930498762339,0.21281604472308197,3.4175715644607214
0.34250328122942975,0.21612924288145452,4.191667278050996
0.38952527449072827,0.254440363550456,4.757615525920258
0.40326479191388265,0.21109914353942058,4.701149508912642
0.3844109792701898,0.21338308845367793,4.566622527729542
0.3370297484713962,0.212773227987316,4.174526595498892
0.33973818013971263,0.1827568495903567,4.067518974354301
0.3041844696848481,0.1525207019048174,3.7220621388045045
0.21733066582192012,0.18277618448674007,3.2010006208667816
0.364088303443963,0.1373900606259851,4.145023931672323
0.38103161087302334,0.18434166458508772,4.424574529781057
0.35840701161521554,0.18276668268468904,4.243302923243812
0.2765877329923316,0.1811652037221364,3.546338916459874
0.30705169225785406,0.23823346284486818,4.105487005460206
0.3552099166084149,0.13840270278983796,4.088226010046854
0.414183669758401,0.1586826898172803,4.646813874270889
0.372898140640158,0.20972629636806078,4.4105410593397085
0.2174981611600236,0.12320915969709192,2.871787111101232
0.24112152643608875,0.15559524562680122,3.206264433617224
0.12767362217608097,0.25277083251521315,3.12946378923736
0.11581251561357898,0.21983970571571515,2.8628140439443266
0.07722435432654316,0.19799867534916732,2.4863572820763906
0.07287855280550212,0.16378424617170712,2.283986092921202
0.11231489908346202,0.1656446970764503,2.3804046667913363
0.11989495673196808,0.18056923143756612,2.544186241384296
0.09767351594928037,0.17257920916951203,2.400582492680893
0.05178249350068185,0.20368489149992533,2.528128015612236
0.06124654514117547,0.18985127175802502,2.426250867540788
-0.008513995799796904,0.17753725864395128,2.3981982199714147
0.026538278071858334,0.18968246237508674,2.4687704401754402
0.06970710896042036,0.1681136123307745,2.3236610460778118
0.06609573534352198,0.18530094751089002,2.3921553733695444
0.06231015852264141,0.13535188205703777,2.0743297002504852
0.13202033907222513,0.13201118838541992,2.312140481485833
0.13565925084960173,0.16835716487272676,2.5917973020212335
0.20865199724594952,0.19050179341204024,3.1427237735929325
0.1750327920733638,0.1482246415242029,2.7714240267371566
0.14070264201331278,0.21836117960095014,3.0287940760837824
0.11443425615259317,0.15060229542462206,2.4353884053860964
0.1385303752538243,0.19569151831123585,2.726862637249822
0.07749031694477533,0.1842506720243047,2.4767648504346393
0.02582780821502809,0.17250156493955135,2.319161062367833
0.009513309520227274,0.2424584099657962,2.8993857550475317
0.044017001989362044,0.22817334243889523,2.733117453012767
0.0445370764141463,0.2677480719464346,3.083448559064335
0.0013944118093635251,0.24114259994900913,2.9065036295244533
0.026619582780209535,0.2662471132759114,3.2723460797160513
0.04295284968877081,0.2426653374277527,2.9742017414568838
0.044251801757854065,0.21450418611952893,2.917278394481854
0.043172787378620715,0.23838089588346845,2.9541952955865036
0.07114486337478695,0.25787698474009507,3.020973215634293
0.03455132315656222,0.21996566093527442,2.6392081053915857
0.0465958572492822,0.20086682492526475,2.5376832270632645
-0.0015753528666660648,0.19171735959583744,2.494504628696673
0.030452789951882213,0.23882002736267463,2.8141008827259695
0.019343373605127584,0.2070320261097357,2.5894692662466254
0.004793752400467254,0.22565055980881224,2.7381252603677426
0.047442108829999996,0.22581848989211248,2.734685943811902
0.01618520596499145,0.2890780756166808,3.2422485710111952
0.018516312834409198,0.2103842036942348,2.583987498160525
0.027977219320640217,0.20352716890719633,2.5585691453221
-0.013095330895105207,0.19830085112254325,2.6419127154271966
0.08891131070305473,0.25184311700972334,3.173230001959956
0.07607108940123139,0.16066877677422603,2.4632058872411435
0.0973175804854168,0.16823688406043538,2.4358804663248663
0.13935183822305594,0.23087533129480306,3.0717058065296734
0.1351585893850646,0.16994825540569,2.672993722723087
0.09509295363836923,0.17826350320734,2.6018678877220984
0.02109127444061483,0.18656313655093398,2.4243293631194476
0.06688843902865133,0.22601770812011826,2.7501282329725574
0.02547006246046757,0.19299294142401605,2.535145873441376
0.019207282267531427,0.20729244063502783,2.6293769650278658
0.0276964878569738,0.21453441635800954,2.7059621905225786
-0.0019733936510958113,0.2432628341934444,2.858182996911514
0.07280576204803338,0.16270463867665377,2.35848933326514
0.03903759340514118,0.15202437057970622,2.442022872979977
0.04640633466483963,0.1940521775569621,2.6907967056569904
0.051855448514412546,0.2993247941090536,3.500042326729417
0.045171314999680405,0.23722494268100588,2.954239468148158
0.02165654146349513,0.2612292541337457,3.153752615067712
0.027483628469882317,0.2601821268102698,3.0812309997918077
0.048834772755324954,0.2939547508489486,3.519209846769816
0.00622328805047721,0.25147246711243965,3.004081229121536
0.044856488514246735,0.22556178197794047,2.888604241399712
0.0868603328197062,0.2023900948966802,2.6198185885691885
0.04144290825188045,0.23316327673788462,2.773551532063353
0.03946566611511682,0.20526564441175707,2.5288918813743066
0.00556497864111345,0.19689887705310913,2.4766617867599643
-0.0017833485370721406,0.2436138191801308,2.9109277649700167
0.0381670304072733,0.24181006528205345,3.004086153975552
0.049929557203660956,0.22324299725306004,2.814041072580797
0.03643501773504536,0.2820710005482436,3.250722649840839
0.03893175232303579,0.23141230458679035,2.8457746175208034
0.03733565715848373,0.23084916593275617,2.8345396845277198
0.025789761517306244,0.18418372800977326,2.4258794873655685
0.028255226153973606,0.23250181733620537,2.9183332438758804
0.045176957466202185,0.24604416393429812,2.9409016449160768
-0.0012278547928422038,0.21685162601226005,2.758497444927976
-0.015311437855110731,0.18702726047604168,2.5753703241266606
0.041872344111806487,0.1823688678741433,2.391458884462871
0.04396617791780978,0.23515768902700304,2.8702088965649315
0.0465976631693506,0.15500620388618044,2.275097408881549
0.16075645411105094,0.23211928038742208,3.1833282192610164
-0.021473947277338507,0.1889284294567574,2.4528241838212
0.03584617521153411,0.2014874675583082,2.597670681158324
0.01485242810667252,0.1935670227072295,2.5718270507499628
0.005021395309580569,0.2343048924844749,2.850482724013746
0.0273423818684576,0.1999340545574655,2.588252531500964
0.05810331930708451,0.2588529880030384,3.224046357981752
0.008081517137987807,0.1927283305013538,2.5056075411737284
0.03513561164367491,0.22672851515972225,2.8605671613167756
0.07761546892221845,0.25083313332889545,3.053470927996282
0.052651349234256184,0.21750329143700925,2.7341653744083994
0.11663592963773657,0.23902593064686567,3.1893155361566166
0.051489221124877055,0.18430806713809264,2.46875991311333
0.06552248945805199,0.24652630528718833,3.0134486007787324
0.09853244964114315,0.19440037566221757,2.588687090561041
0.061392379899056604,0.2246312751100097,2.867160815550711
0.03316003960572182,0.24157367677560576,2.9807450130511235
0.08880813593602155,0.2494274564790127,3.067334445009227
0.010149451996709817,0.17002069925630178,2.2030393012720135
0.05741220135708831,0.17720662464180478,2.3611358914149077
0.037999813417713545,0.21262087512438213,2.617429630745861
0.053048225435761966,0.16634019616750315,2.409211842178304
0.016918320545448274,0.21882964688754256,2.656020966136111
0.006023451257224575,0.23642950245444272,2.8982385443960297
0.035957529031132335,0.3107902921633221,3.550872977335849
0.042675638658886524,0.23931857738526588,2.9160215707906354
0.024872086515498708,0.20993747380295907,2.594262461151173
0.0005489458648415491,0.17820278514019086,2.284560290987134
0.054287559432349475,0.1690196743983229,2.3234169645751788
-0.038242745496317815,0.24632678428711938,3.0034351561648602
0.11903494262695545,0.24999345780768303,3.199504000132657
0.024988967639882186,0.18409159196060734,2.495682133180378
-0.0062576725166742266,0.21117150093462445,2.7792010166587877
0.06591970560098999,0.31641905029149203,3.7070868992025776
0.06776660951273086,0.28436421398494954,3.2904960770853466
0.2248174799543028,0.3028203425990903,3.9864495204053334
0.09215587594649795,0.17925315474849043,2.587676910723073
0.0802984418233968,0.22039544057786806,2.8424259059508805
0.05870608664225963,0.2976706935891233,3.397010225939819
0.09507043424175488,0.22217153527038594,2.891180778648109
0.03921515192927669,0.3035685430065067,3.5593722393496963
0.12163468894266936,0.325363946563253,3.810797430697115
-0.03436795974585958,0.3133444743090538,3.5716118878452425
0.09821605250871582,0.4075705576537677,4.4866079810787625
0.1714916666248696,0.39428516425309784,4.595662559970087
0.19356431029713433,0.34589080014390405,4.152276218963884
0.1273194452435057,0.41228991675398063,4.5197075571515315
0.11263700151345545,0.4248679994881432,4.6881039203966335
0.1305548841306349,0.3578750507746811,4.0993372976515206
0.10343895309528495,0.3943258442835081,4.331225950784549
0.12351635695495108,0.3242937384412909,3.8690763391290584
0.11613666497151683,0.41607471886511543,4.625026988141286
0.05723432027061173,0.3553681270522956,3.9572982314470826
0.16595320336262964,0.43483351553655364,4.8873259765358155
0.08645218765717645,0.33075173521911566,3.851956876096878
0.03546005147149004,0.3299296903623764,3.7677461515657904
0.04392242965128805,0.3554187036144906,3.9494393392650218
0.044438309913672355,0.335481145147549,3.7580915928366507
0.09601410540168212,0.36234701432037153,4.084631346112255
0.0662430119384227,0.3651835449064494,4.047657522084328
0.11228556139453387,0.4006133265879916,4.449885881380155
0.12690804423084553,0.37965736833560054,4.348578640286701
0.11932870275701744,0.3335063734736737,3.928892598159959
0.12419804517396953,0.40293241850069406,4.49450740348081
0.12840597858722036,0.43982984082578575,4.865376088404818
0.11340567594411846,0.40755689598944655,4.5382624104218525
0.08213607753858014,0.41240331566368765,4.5012242934591535
0.15359313697581967,0.39816860522928943,4.565254467309368
0.08285803798322681,0.3704287960619158,4.153768759497019
0.11295959027348035,0.3762450216515912,4.287417299069186
0.0872535915791955,0.3496338579966895,4.0071774605381565
0.14012340407265408,0.3798159091595402,4.4041426729557935
0.12738890779819623,0.42156498013656046,4.668762942249822
0.2540764393311844,0.4100696022942917,5.146218692169533
0.2792845276410544,0.2494482526300758,4.087752005183047
0.25076318377042844,0.2977312129623565,4.135943247448579
0.21072128169532098,0.24007129911551184,3.5562856860313916
0.23059993941583767,0.34348936608614417,4.347981664589844
0.21316796715749814,0.31651041485308373,4.046508285392711
0.08075953254645524,0.30582410390157144,3.531484551953292
0.12129258055783196,0.2835581948542072,3.5102040150396783
0.2648427985233568,0.24578183888113753,4.1467676547515655
0.08822278136257497,0.22133366383630093,2.929015263859298
0.15500105282659907,0.23347140849297526,3.264965808514559
0.13581429310503515,0.24683270646203145,3.261042687939263
0.20490869811441173,0.30010046812819086,3.964323775504716
0.3062635511057038,0.30978844478096723,4.580616564081933
0.2794275138573718,0.44523227127967363,5.510884373834723
0.33238163442523583,0.459631596405389,5.928018068187912
0.37178835789995335,0.44138678766656286,6.080396981345852
0.28202805855339647,0.4228661980466959,5.323674417103298
0.2955592617104569,0.3768515304191673,4.981694979752316
0.3968319029318646,0.3572604269836587,5.577992117880226
0.3905088314651952,0.3253608484254561,5.2739685410062975
0.22177816987964877,0.23162451453903235,3.4709227527968687
0.31358829459019755,0.34619430894728864,4.883340773799842
0.25035769567953153,0.29884047044009215,4.144854996704595
0.2329553003996908,0.2976851740287256,4.012402626489283
0.20485033940349281,0.284062379499296,3.8133007913576273
0.19774307922021525,0.31861028286393234,4.036617630060039
0.187187426822878,0.31652587545963146,3.94462271713468
0.15061671483935976,0.31503302511086306,3.898728137140669
0.2087712228141427,0.2352026020088738,3.568197967710705
0.1783028745469452,0.2894016022733332,3.764642566456641
0.3050545431890319,0.281426795583049,4.387223597597514
0.2381840934022879,0.23195870227822335,3.6324257682358385
0.23771990457862077,0.2859582842443424,3.9422724140826757
0.24989140163003257,0.2606657450089069,3.904118375295084
0.350059776441832,0.31995497288833846,4.903469222124447
0.2930024903172429,0.2926797819221979,4.402970113950603
0.3195141085270045,0.24528812197360766,4.297594903150617
0.29037951803716455,0.28663971889245765,4.369936248671508
0.24228016304103928,0.20673597132203247,3.6716631099424606
0.233870671934392,0.20118296936068114,3.3165869657139386
0.18998138345500395,0.18796383537222364,3.0320595000890656
0.1670382146713785,0.22121140307923665,3.1494386252374116
0.23466490891723524,0.2803917923647451,3.824995687798304
0.34791635181475655,0.35221889222283503,5.179186733337456
0.3140590375088577,0.3708312574982861,5.066860121600645
0.25446292017433936,0.29121044119766304,4.1166267456534165
0.2772298264860279,0.26860890579490404,4.071947596689397
0.2069471666520771,0.2565298943073389,3.4956457904854097
0.26052391980869527,0.2911130578801809,4.029015006653859
0.30630774674610317,0.29929049399271057,4.37378067776434
0.17701143773290198,0.41157128027199785,4.690853530791664
0.24631870453660093,0.3401676803174172,4.329219433914639
0.24377365849325502,0.337206172023791,4.28590383488485
0.30129165900593546,0.3337264442566579,4.580017120394787
0.3784796510701126,0.3894613018947159,5.48222535653887
0.20450584850846992,0.3398457761959175,4.168786043625525
0.22390807107094185,0.2991281237431988,3.9646612319859034
0.1907599331027765,0.27709289266586906,3.6707106102001297
0.24603828689414092,0.31033058479553427,4.152157900086454
0.24790553443157773,0.2870229074094925,3.9744299245598915
0.1801286739083392,0.31126174338741935,3.815108529804716
0.2523333625922087,0.31067474628314967,4.1879195334693184
0.25306793734604527,0.2850444874029606,3.965817902594004
0.3491859024427141,0.3319677932832612,4.891917178388547
0.3543824073349638,0.28100834312022943,4.696880313421537
0.31299616349320253,0.29318898177178293,4.469004080940794
0.2146977460372872,0.3300027449282528,4.219718181244116
0.2091940366192922,0.25802911195946043,3.5737163663269476
0.18076821961176615,0.2872736265502065,3.6050171136081928
0.218889502410809,0.2942636507725525,3.8674383052195074
0.16635652637735454,0.3446069060051008,3.9563687952643565
0.24618605713961864,0.3129374458160699,4.116341498906123
0.2795821067342817,0.3089820757265177,4.321261912542441
0.07057933916684135,0.27222054661806633,3.139045584087824
0.16588127531414282,0.2784422163839105,3.494348674770311
0.19863007732445315,0.27138785059548737,3.5631669057036675
0.2313023579911613,0.2632020250600561,3.7255521082888596
0.22246867234523077,0.3022284319598378,3.9454268080292474
0.19261186505581232,0.3260489157693156,4.034384331761911
0.28032361371151066,0.31772765486466237,4.358714212475865
0.24731000776583623,0.2982685766342733,4.109519158775654
0.36743937033035534,0.31652941485918074,4.974673968429346
0.30409423117063533,0.29661093845305236,4.432424728339529
0.20998886444828005,0.2931578789548504,3.8523517711161506
0.19753717935044732,0.2796763687198681,3.7913982477447474
0.16667033658573532,0.31960324806924817,3.875300435734422
0.18508296706324995,0.3406898625144666,4.136723267568062
0.19506551644930348,0.29253776770959544,3.7713996389192177
0.24070345823253855,0.3118206398391051,4.223981421744212
0.3934067151051322,0.30942642385778585,5.165772319946842
0.3966193505949573,0.3063672328786804,5.111812256275347
0.2402293700280488,0.3414669562781426,4.301204907747566
0.19936917622402966,0.32373874505595723,3.9791601561868615
0.1975294367577342,0.27142769431369457,3.590228145101209
0.15981729586733479,0.2606667393516765,3.3626800402985393
0.22268815165067687,0.2737463431971023,3.8007129266145743
0.22192083590954564,0.3147666521119298,4.026949528904765
0.21454427735707565,0.2592911935833105,3.7066076927806573
0.2620496730568649,0.3091597444721281,4.265362618402283
0.1833446355813779,0.28907520514360535,3.6540623881306806
0.30280891737275417,0.30954750041563284,4.443916569076821
0.2312935555692721,0.26557981571412986,3.817807236952084
0.18551446583568101,0.2568173695638654,3.420400675750596
0.26679137335186565,0.3221609180101042,4.396208437563452
0.3042998298383995,0.297300057465929,4.457158361220535
0.27450245277313023,0.305296797747855,4.277373856497398
0.3723415386506329,0.3463221471730897,5.153571275085483
0.36007338006604217,0.32747372207788944,5.036862175479746
0.340581788530424,0.36870461768609825,5.135853186361418
0.3843600617447654,0.3041768708303615,5.003207849421105
0.39650101751403183,0.3478411490003587,5.318450538641803
0.4704630904152017,0.24541290701223267,5.452822375418718
0.3138105467191874,0.26350889772905817,4.310317116568822
0.318180250511185,0.31445501090366057,4.631696735100388
0.3512041392820963,0.26210373882322535,4.535792468608159
0.4675357936920468,0.2547586403529814,5.518306672147322
0.44825975942396445,0.2803708143503921,5.543445842339695
0.3503130679701656,0.21941625033438567,4.469432197401462
0.37219395642430714,0.32611366486812726,5.104559501983803
0.3314831650345093,0.2237890580544164,4.209652394362908
0.324028285631262,0.3216980327923608,4.704000585710008
0.427780041841699,0.2678834387078729,5.228306896574513
0.3802641466281653,0.2671854450245099,4.841464367931315
0.30738299164178134,0.2845851568441629,4.3075698573771435
0.31308637531141453,0.3038438945434,4.460617209190578
0.2967818796202371,0.1587428395238393,3.7061958568245226
0.3309367988770204,0.2740349568894875,4.561522774043963
0.2839429924199331,0.3782471358286595,4.905434943523441
0.3385532133125288,0.37931657045368067,5.235656477691153
0.35352117684803225,0.2849337069585244,4.737329795420367
0.33922333211983996,0.32626294163970154,5.027144638879532
0.4111237288790876,0.32834321031941766,5.576833150056585
0.3225068276710129,0.25673531342611156,4.46817515310855
0.3821245769042318,0.09763019360815238,4.679900774917724
0.23541852921804593,0.2611414562461996,3.8918152885838326
0.18084028350630874,0.31094098835830875,3.8214009144638243
0.2646548217549752,0.2708194547882211,4.0349662303474645
0.13715666072373803,0.34147540267964105,3.9183720563931463
0.05856793784559649,0.31652905598888154,3.540942753150484
0.050442110684887555,0.28072141934618644,3.27858426339403
0.14904984998743726,0.31996228482230077,3.8815201616351516
0.13486968946648228,0.39042556501403164,4.50912490990065
0.052167662915719684,0.3462268279493461,3.9603589227407796
0.0617396583366741,0.3133092341186756,3.6141680457435466
0.027442127016399885,0.3123235739450398,3.630998184434917
0.08376926535022954,0.30270565985673775,3.601560783253577
0.06711222727599252,0.3521362336665574,4.179340273618317
0.06429502952590514,0.2838029942084236,3.340224098338125
0.09460903114619061,0.2738205036496004,3.3230385206881805
0.09595963429293729,0.32345832485019615,3.7666659877829454
0.12553047484467722,0.3807238756608193,4.416491179086941
0.054064219636868666,0.3202366350272244,3.6071960845209383
0.020361082924328304,0.3082852691872587,3.5238129406551684
-0.00798001163892892,0.2910248346253196,3.3872340448856204
0.014590115924988746,0.28377303223202216,3.3791882661593817
0.005486953058540694,0.32668436859168787,3.7773515819153713
0.03210301459944669,0.3125423877932764,3.62244447324732
0.026567124896461798,0.31672363834184136,3.649578160831052
0.055748977936283056,0.29570438792990295,3.4522848886644897
-0.024122705189009455,0.2778316801336462,3.3159478067898447
0.06739001636388264,0.34983480175631804,3.971693569863409
0.05454559757205178,0.33721189404784846,3.872639203923679
0.04756207136113086,0.3192418780585458,3.727157991509847
0.017767043770391244,0.30993318963716626,3.633636277722799
0.0553286542013393,0.314718522723943,3.621097567376994
0.07673432570023618,0.30346643551172436,3.531059846992514
0.1654048874887803,0.27550581297286214,3.58000769230696
0.08163378206738872,0.2735759989861248,3.348880757837384
0.07610676216623616,0.3091335699346934,3.643514654784477
0.09342298362360235,0.3035184748742548,3.602556873401922
0.034479917433355954,0.26869101726826483,3.2239949244122403
0.042094966448095406,0.2686750712047087,3.3670839983289143
0.07494314491686999,0.2613750282961495,3.2286360995277956
0.1296817795225752,0.283091371691959,3.5432509877235585
0.23772954923405595,0.3020790673316499,4.018204275597637
0.21653812578042192,0.25779074433958743,3.6001714702365533
0.18276362712483224,0.2622036362651629,3.468559255442736
0.15088910620980536,0.1892948517341059,2.7946542148411946
0.27131122873028685,0.26503799693510677,3.9963492130705247
0.1892452868550865,0.2871971196319575,3.6833403599253516
0.25344137130321714,0.33352010268123106,4.3379468325692985
0.3773795439303616,0.36196882906404243,5.32065336324183
0.3186037379300795,0.3706606320772629,4.930714118245223
0.33908946594724876,0.3761772231702021,5.136160831676535
0.23319992366150935,0.28406794308754857,3.888872719770041
0.13584803735019868,0.32063180529948676,3.820912336068146
0.12906522984849836,0.33059192391239073,3.8567504962644965
0.1473837025776226,0.2593152335898089,3.402552714391746
0.22608358128581055,0.3115810493744545,4.086004525709333
0.1683885216307671,0.3587813865518825,4.21385552354639
0.12822951992385637,0.3752987137333629,4.26328381402885
0.16450331899768678,0.3290579182842788,3.9711320962431653
0.30403495021561705,0.40830889912438717,5.548101282153155
0.1385502722138336,0.3490683817824355,4.203391596648998
0.1876009089421519,0.39784022250193657,4.744066783446562
0.26194286659671195,0.35165215516554116,4.56113041662318
0.19347356465509727,0.34204880164075274,4.21207850943645
0.22027391975775212,0.3102759522938351,4.0306583098940685
0.2774894158904728,0.3050156962651442,4.326521345222553
0.2850329575861117,0.2970517360588936,4.279517357971279
0.3738165733496075,0.24943411247600808,4.648045715725015
0.29516419998961196,0.33891097738656856,4.590277578657003
0.32470119882731896,0.23389189695560145,4.196356604026886
0.3221848573315922,0.2946382025820095,4.536329292827681
0.3011858054285664,0.2961428369570137,4.391003706532448
0.3654681448664981,0.2927973970065339,4.771192598805134
0.31894249883960374,0.2590519075381497,4.269079535994011
0.24215635311901273,0.28914323280094406,4.006389511995856
0.28368904183675986,0.29120454959330216,4.264893797031168
0.2387820977749709,0.32285762524984885,4.199306785168203
0.4741049372463559,0.3013990226901575,5.702892426157904
0.40796497399953735,0.3731190924230251,5.60826358117237
0.39143467364070234,0.2498813243225201,4.796766950547117
0.4485960461527565,0.1327346970765823,5.101066802559566
0.4885262507949965,0.09814604288182724,5.414744456593673
0.42111274986291275,0.19644077519184516,4.933258984518537
0.5203395389733182,0.18137360749463088,5.85694746278347
0.5486255254229996,0.10544038545268518,6.0420572283322045
0.4799778870596345,0.08958708304622394,5.4730514202962866
0.455504470335744,0.15191021923241388,5.235135415816261
0.4542273525165212,0.07333835797836266,5.024830929648962
0.4993035506060515,0.072762211900786,5.444515339302502
0.5149063973155296,0.12277753880207465,5.592797589322292
0.5489631040504617,0.10555872773759192,5.976756164381399
0.482770523833443,0.06275152968781951,5.4487839202112465
0.5680084929557333,0.10128369371675083,6.150500477775104
0.5053417971179469,0.09110563084105663,5.632035466100498
0.5243077402425216,0.08717800370818089,5.8234041632131035
0.49606950091566615,0.08522343344316434,5.447538749666271
0.46805011618199804,0.10954105956019332,5.289316358196873
0.5136307679873076,0.07615202354774567,5.785723955518047
0.5298694219656744,0.15644463553820953,5.824894173582515
0.4449681229489099,0.09746229964155967,4.98938314211157
0.47914885469713897,0.1451368373334306,5.170435617867406
0.3671860410960402,0.2848596372333073,4.729743015056288
0.38610366129385404,0.2650870031987993,4.744088267974109
0.2879615997508305,0.18941652899974873,3.667191601902259
0.341258699887904,0.27361396949754235,4.505331463099857
0.27311667539057016,0.27498278560756667,4.058645892738354
0.28405585469727723,0.24779732259413983,3.936602245094746
0.46333661965921613,0.31285254320505795,5.609371222875803
0.38323020865729346,0.2820022742886649,4.8466223252919525
0.3839556554187559,0.22965568051592233,4.6275215841579875
0.39258298196696645,0.18538500501460825,4.5412652247680825
0.43789258271483955,0.050420411935063254,5.174415462772831
0.4751475398583188,0.17874859006867452,5.333086772639159
